,UMCSENT,CPIAUCSL,UNRATE,GASREGW,RSAFS,DSPIC96,AHETPI,CPIUFDSL,CUSR0000SEHA,HOUST,SP500,PSAVERT,TCMDO,M1SL,INDPRO,CSUSHPINSA,PCE,FEDFUNDS,CC4WSA,VIXCLS
1990-01-31,93.0,127.5,5.4,1.218,159177.0,7187.4,10.02,129.7,135.8,1551.0,2106.15,7.9,13568.126,795.4,61.6352,76.527,3730.7,8.23,2334375.0,23.347272727272728
1990-02-28,89.5,128.0,5.3,1.218,159177.0,7203.3,10.07,130.8,136.1,1437.0,2106.15,8.5,13568.126,798.1,62.1951,76.587,3728.2,8.24,2352937.5,23.262631578947367
1990-03-31,91.3,128.6,5.2,1.218,159177.0,7206.1,10.11,131.0,136.7,1289.0,2106.15,8.3,13568.126,801.5,62.4916,76.79,3754.9,8.28,2361850.0,20.062272727272727
1990-04-30,93.9,128.9,5.4,1.218,159177.0,7253.4,10.12,130.8,137.2,1248.0,2106.15,8.7,13792.566,806.1,62.3511,77.039,3770.0,8.26,2366375.0,21.4035
1990-05-31,90.6,129.1,5.4,1.218,159177.0,7245.8,10.16,131.1,137.6,1212.0,2106.15,8.7,13792.566,804.2,62.5353,77.297,3775.8,8.18,2387500.0,18.097727272727273
1990-06-30,88.3,129.9,5.2,1.218,159177.0,7257.3,10.2,132.1,138.2,1177.0,2106.15,8.6,13792.566,808.8,62.7479,77.505,3804.5,8.29,2415750.0,16.82238095238095
1990-07-31,88.2,130.5,5.5,1.218,159177.0,7283.7,10.22,132.8,138.7,1171.0,2106.15,8.7,14010.883,810.1,62.6435,77.56,3821.7,8.15,2460937.5,18.392857142857142
1990-08-31,76.4,131.6,5.7,1.218,159177.0,7239.1,10.24,133.2,139.3,1115.0,2106.15,8.1,14010.883,815.7,62.8704,77.479,3848.3,8.13,2482312.5,28.175217391304347
1990-09-30,72.8,132.5,5.9,1.258,159177.0,7236.8,10.27,133.6,139.7,1110.0,2106.15,8.1,14010.883,820.2,62.8839,77.22800000000001,3870.1,8.2,2571150.0,29.10736842105263
1990-10-31,63.9,133.4,5.9,1.3354,159177.0,7178.7,10.3,134.1,140.2,1014.0,2106.15,7.9,14292.014,819.9,62.4973,76.91199999999999,3870.6,8.11,2665812.5,29.625652173913043
1990-11-30,66.0,133.7,6.2,1.324,159177.0,7181.9,10.32,134.5,140.5,1145.0,2106.15,8.0,14292.014,822.1,61.7175,76.38,3871.9,7.81,2820250.0,24.885714285714286
1990-12-31,65.5,134.2,6.3,1.341,159177.0,7224.7,10.34,134.6,141.0,969.0,2106.15,8.8,14292.014,824.7,61.2885,75.971,3861.3,7.31,2960500.0,23.363
1991-01-31,66.8,134.7,6.4,1.18,159177.0,7205.7,10.37,135.0,141.2,798.0,2106.15,9.4,14386.543,827.2,61.0842,75.532,3841.0,6.91,3036062.5,27.429090909090913
1991-02-28,70.4,134.8,6.6,1.0942500000000002,159177.0,7216.8,10.39,135.1,141.6,965.0,2106.15,9.0,14386.543,832.6,60.6387,75.249,3866.7,6.25,3194437.5,21.59842105263158
1991-03-31,87.7,134.8,6.8,1.04,159177.0,7229.1,10.41,135.3,142.1,921.0,2106.15,8.1,14386.543,838.7,60.2973,75.13600000000001,3913.0,6.12,3367100.0,17.74421052631579
1991-04-30,81.8,135.1,6.7,1.0762,159177.0,7258.0,10.46,136.1,142.6,1001.0,2106.15,8.7,14539.492,843.1,60.4524,75.319,3907.1,5.91,3475250.0,17.37272727272727
1991-05-31,78.3,135.6,6.9,1.12575,159177.0,7259.5,10.5,136.6,143.0,996.0,2106.15,8.5,14539.492,848.8,61.0587,75.768,3933.2,5.78,3490750.0,16.93227272727273
1991-06-30,82.1,136.0,6.9,1.12825,159177.0,7296.7,10.51,137.4,143.2,1036.0,2106.15,9.0,14539.492,856.7,61.5514,76.257,3940.5,5.9,3454400.0,17.134999999999998
1991-07-31,82.9,136.2,6.8,1.0956,159177.0,7282.0,10.54,136.7,143.7,1063.0,2106.15,8.4,14740.215,861.6,61.7201,76.516,3966.0,5.82,3341812.5,17.294090909090908
1991-08-31,82.0,136.6,6.9,1.1147500000000001,159177.0,7298.3,10.56,136.2,143.7,1049.0,2106.15,8.7,14740.215,866.8,61.7289,76.593,3969.1,5.66,3294400.0,15.681363636363637
1991-09-30,83.0,137.0,6.9,1.1092,159177.0,7317.7,10.58,136.4,144.4,1015.0,2106.15,8.9,14740.215,869.7,62.2369,76.578,3984.7,5.45,3292500.0,16.9565
1991-10-31,78.3,137.2,7.0,1.088,159177.0,7328.0,10.59,136.2,144.4,1079.0,2106.15,9.4,15011.194,878.0,62.1718,76.29,3976.0,5.21,3308437.5,16.36391304347826
1991-11-30,69.1,137.8,7.0,1.099,159177.0,7338.4,10.61,136.7,144.8,1103.0,2106.15,9.1,15011.194,887.6,62.0894,76.032,4003.6,4.81,3308750.0,17.773500000000002
1991-12-31,68.2,138.2,7.3,1.0762,159177.0,7403.6,10.64,137.0,145.1,1079.0,2106.15,9.8,15011.194,897.0,61.806,75.843,4020.5,4.43,3340375.0,18.347619047619048
1992-01-31,67.5,138.3,7.3,1.022,159177.0,7474.8,10.64,136.6,145.4,1176.0,2106.15,9.5,15153.355,910.4,61.4823,75.705,4084.7,4.03,3348562.5,17.68318181818182
1992-02-29,68.8,138.6,7.4,1.006,159189.0,7507.2,10.66,137.1,145.7,1250.0,2106.15,9.8,15153.355,925.2,61.9192,75.661,4099.5,4.06,3319800.0,17.47736842105263
1992-03-31,76.0,139.1,7.4,1.0126,158647.0,7513.8,10.68,137.6,146.5,1297.0,2106.15,9.7,15153.355,936.7,62.4403,75.818,4117.0,3.98,3308750.0,17.520454545454545
1992-04-30,77.2,139.4,7.4,1.05175,159921.0,7535.0,10.72,137.5,146.2,1099.0,2106.15,9.8,15370.158,943.8,62.9199,76.084,4131.5,3.73,3338437.5,16.562857142857144
1992-05-31,79.2,139.7,7.6,1.10725,160471.0,7570.2,10.74,137.2,146.5,1214.0,2106.15,9.8,15370.158,950.6,63.1268,76.40100000000001,4158.4,3.82,3345750.0,15.077000000000002
1992-06-30,80.4,140.1,7.8,1.1448,161205.0,7601.6,10.77,137.6,146.7,1145.0,2106.15,10.0,15370.158,954.3,63.1624,76.605,4177.1,3.76,3301250.0,15.203181818181816
1992-07-31,76.6,140.5,7.7,1.1364999999999998,162855.0,7595.9,10.78,137.4,147.0,1139.0,2106.15,9.5,15606.973,963.3,63.7348,76.714,4204.8,3.25,3238062.5,13.601818181818182
1992-08-31,76.1,140.8,7.6,1.1218,162412.0,7622.6,10.81,138.4,147.0,1226.0,2106.15,9.6,15606.973,973.7,63.3802,76.734,4220.9,3.3,3271300.0,14.421904761904763
1992-09-30,75.6,141.1,7.6,1.1215000000000002,164361.0,7586.9,10.83,138.9,147.1,1186.0,2106.15,8.6,15606.973,988.0,63.5834,76.631,4255.3,3.22,3196625.0,13.696666666666667
1992-10-31,73.3,141.7,7.3,1.1139999999999999,166063.0,7537.9,10.85,138.9,147.9,1244.0,2106.15,7.9,15830.689,1003.7,64.0178,76.601,4284.7,3.1,3117650.0,17.63681818181818
1992-11-30,85.3,142.1,7.4,1.1112000000000002,166124.0,7549.3,10.86,138.7,148.4,1214.0,2106.15,7.9,15830.689,1015.7,64.2628,76.583,4300.5,3.09,2987812.5,14.4245
1992-12-31,91.0,142.3,7.4,1.0775000000000001,167691.0,7818.6,10.9,138.8,148.5,1227.0,2106.15,10.5,15830.689,1024.9,64.3599,76.468,4336.4,2.92,2871250.0,12.191363636363635
1993-01-31,89.3,142.8,7.3,1.06175,169500.0,7648.1,10.93,139.1,148.9,1210.0,2106.15,8.5,16010.598,1030.4,64.6135,76.399,4340.7,3.02,2740750.0,12.409
1993-02-28,86.6,143.1,7.1,1.05425,168840.0,7684.5,10.95,139.6,149.1,1210.0,2106.15,8.8,16010.598,1033.5,64.9262,76.331,4355.3,3.03,2662062.5,13.72157894736842
1993-03-31,85.9,143.3,7.0,1.0522,167682.0,7660.8,10.99,139.6,149.1,1083.0,2106.15,8.8,16010.598,1038.4,64.8627,76.38600000000001,4352.5,3.07,2663375.0,13.60608695652174
1993-04-30,85.6,143.8,7.1,1.078,172102.0,7700.6,10.99,140.0,149.7,1258.0,2106.15,8.7,16295.875,1047.6,65.0423,76.663,4393.4,2.96,2743250.0,12.840952380952379
1993-05-31,80.3,144.2,7.1,1.1004,172960.0,7689.4,11.01,141.0,150.0,1260.0,2106.15,8.2,16295.875,1065.9,64.8006,77.033,4422.4,3.0,2785500.0,13.606
1993-06-30,81.5,144.3,7.0,1.09725,173018.0,7675.1,11.03,140.6,150.4,1280.0,2106.15,7.7,16295.875,1075.1,64.9476,77.51899999999999,4440.0,3.04,2801000.0,12.524090909090908
1993-07-31,77.0,144.5,6.9,1.07775,175822.0,7694.3,11.05,140.6,150.4,1254.0,2106.15,7.5,16624.026,1084.6,65.1142,77.889,4468.9,3.06,2777300.0,11.50047619047619
1993-08-31,77.3,144.8,6.8,1.0615999999999999,175233.0,7705.4,11.07,141.1,150.8,1300.0,2106.15,7.6,16624.026,1094.2,65.0421,78.135,4481.1,3.03,2809750.0,11.928636363636365
1993-09-30,77.9,145.0,6.7,1.0494999999999999,176608.0,7684.4,11.09,141.4,151.0,1343.0,2106.15,6.8,16624.026,1104.2,65.3749,78.202,4511.5,3.09,2809312.5,12.931428571428572
1993-10-31,82.7,145.6,6.8,1.09175,177588.0,7646.9,11.13,142.0,151.3,1392.0,2106.15,6.2,17005.512,1113.1,65.863,78.176,4532.8,2.99,2828200.0,11.875238095238094
1993-11-30,81.2,146.0,6.6,1.0664,179758.0,7668.1,11.15,142.3,151.5,1376.0,2106.15,6.2,17005.512,1124.1,66.1696,78.17399999999999,4554.1,3.02,2817062.5,14.083809523809524
1993-12-31,88.2,146.3,6.5,1.014,181077.0,7929.4,11.18,142.8,151.9,1533.0,2106.15,9.0,17005.512,1129.6,66.5531,78.117,4571.1,2.96,2779250.0,11.356363636363637
1994-01-31,94.3,146.3,6.6,0.9984,179615.0,7780.4,11.2,142.9,152.2,1272.0,2106.15,7.0,17254.989,1131.6,66.7591,78.202,4585.1,3.05,2705550.0,11.29047619047619
1994-02-28,93.2,146.7,6.6,1.009,183101.0,7795.0,11.25,142.7,152.7,1337.0,2106.15,6.4,17254.989,1136.3,66.8019,78.208,4632.6,3.25,2780000.0,13.64421052631579
1994-03-31,91.5,147.1,6.5,1.00775,186721.0,7820.5,11.25,142.7,153.2,1564.0,2106.15,6.7,17254.989,1140.1,67.4704,78.352,4646.0,3.34,2775937.5,15.223478260869564
1994-04-30,92.6,147.2,6.4,1.02725,186423.0,7820.4,11.27,143.0,153.3,1465.0,2106.15,6.3,17491.526,1141.1,67.8707,78.704,4671.1,3.56,2736200.0,16.471052631578946
1994-05-31,92.8,147.5,6.1,1.0474,185616.0,7910.6,11.29,143.3,153.4,1526.0,2106.15,7.5,17491.526,1143.3,68.187,79.212,4669.5,4.01,2747000.0,13.897142857142857
1994-06-30,91.2,147.9,6.1,1.0779999999999998,187800.0,7898.1,11.31,143.8,153.5,1409.0,2106.15,6.8,17491.526,1145.2,68.645,79.704,4708.9,4.25,2738312.5,13.408636363636363
1994-07-31,89.0,148.4,6.1,1.10575,188062.0,7905.0,11.34,144.6,154.0,1439.0,2106.15,6.9,17765.109,1150.7,68.7317,80.066,4720.6,4.26,2677300.0,12.4845
1994-08-31,91.7,149.0,6.0,1.1548,190771.0,7914.4,11.36,145.1,154.5,1450.0,2106.15,6.4,17765.109,1150.6,69.1882,80.319,4762.6,4.47,2644812.5,11.889130434782608
1994-09-30,91.5,149.3,5.9,1.1437499999999998,192585.0,7949.0,11.39,145.3,155.0,1474.0,2106.15,6.7,17765.109,1151.9,69.3935,80.343,4775.0,4.73,2641062.5,13.233333333333333
1994-10-31,92.7,149.4,5.8,1.1136000000000001,193914.0,8024.4,11.42,145.3,155.1,1450.0,2106.15,7.0,18158.311,1150.2,69.9576,80.307,4812.9,4.76,2592600.0,15.245238095238093
1994-11-30,91.6,149.8,5.6,1.11575,194425.0,8023.9,11.45,145.6,155.5,1511.0,2106.15,6.9,18158.311,1150.9,70.4288,80.173,4825.6,5.29,2542000.0,16.383809523809525
1994-12-31,95.1,150.1,5.5,1.0905,194939.0,8060.2,11.48,146.8,155.7,1455.0,2106.15,7.0,18158.311,1150.7,71.1273,80.082,4841.6,5.45,2528600.0,14.177142857142858
1995-01-31,97.6,150.5,5.6,1.0817999999999999,195908.0,8086.0,11.48,146.7,156.1,1407.0,2106.15,7.3,18391.685,1151.4,71.2635,80.03,4851.2,5.53,2517937.5,12.274285714285714
1995-02-28,95.1,150.9,5.4,1.0725,193068.0,8102.0,11.52,147.3,156.3,1316.0,2106.15,7.7,18391.685,1147.4,71.1758,79.995,4850.8,5.92,2516562.5,11.47
1995-03-31,90.3,151.2,5.4,1.072,195179.0,8124.2,11.55,147.1,156.6,1249.0,2106.15,7.4,18391.685,1146.7,71.2796,80.081,4885.4,5.98,2532250.0,12.166521739130435
1995-04-30,92.5,151.8,5.8,1.11125,195310.0,8064.0,11.56,148.1,157.0,1267.0,2106.15,6.8,18720.188,1149.3,71.1538,80.373,4890.2,6.05,2515400.0,12.442631578947369
1995-05-31,89.8,152.1,5.6,1.1784000000000001,198060.0,8145.6,11.59,148.2,157.3,1314.0,2106.15,7.0,18720.188,1145.3,71.4997,80.694,4933.1,6.01,2556687.5,12.265909090909092
1995-06-30,92.7,152.4,5.6,1.1915,200383.0,8169.8,11.63,148.3,157.6,1281.0,2106.15,6.5,18720.188,1144.2,71.7327,81.072,4977.5,6.0,2600187.5,11.896818181818183
1995-07-31,94.4,152.6,5.7,1.1538,199110.0,8187.8,11.67,148.5,158.0,1461.0,2106.15,6.9,19021.252,1145.5,71.4334,81.415,4970.2,5.85,2622000.0,12.514
1995-08-31,96.2,152.9,5.7,1.12325,201078.0,8193.0,11.69,148.6,158.2,1416.0,2106.15,6.6,19021.252,1145.4,72.3723,81.657,5005.3,5.74,2605375.0,12.798260869565217
1995-09-30,88.9,153.1,5.6,1.11075,201337.0,8219.4,11.73,149.1,158.5,1369.0,2106.15,6.6,19021.252,1142.0,72.6543,81.741,5020.5,5.8,2623950.0,12.057
1995-10-31,90.2,153.5,5.5,1.0872,200597.0,8228.4,11.75,149.5,158.8,1369.0,2106.15,7.0,19448.45,1137.3,72.5336,81.73,5013.9,5.76,2646937.5,14.357272727272727
1995-11-30,88.2,153.7,5.6,1.06225,203545.0,8250.5,11.78,149.6,159.2,1452.0,2106.15,6.4,19448.45,1134.1,72.717,81.634,5055.6,5.8,2664125.0,12.46904761904762
1995-12-31,91.0,153.9,5.6,1.07125,204032.0,8261.3,11.81,149.9,159.6,1431.0,2106.15,6.0,19448.45,1127.5,72.9638,81.516,5097.5,5.6,2640950.0,11.7485
1996-01-31,89.3,154.7,5.6,1.0904,203793.0,8272.1,11.86,150.4,159.9,1467.0,2106.15,6.5,19763.96,1123.5,72.5712,81.431,5085.7,5.56,2618875.0,13.473636363636365
1996-02-29,88.5,155.0,5.5,1.08925,206875.0,8335.8,11.87,150.8,160.3,1491.0,2106.15,6.6,19763.96,1118.5,73.6207,81.403,5132.8,5.22,2692875.0,15.032999999999998
1996-03-31,93.7,155.5,5.5,1.137,207650.0,8362.4,11.89,151.4,160.6,1424.0,2106.15,6.4,19763.96,1122.6,73.5141,81.669,5173.3,5.31,2677350.0,17.76238095238095
1996-04-30,92.7,156.1,5.6,1.2306,209294.0,8311.8,11.96,152.0,160.9,1516.0,2106.15,5.5,20108.121,1124.8,74.2491,82.12799999999999,5208.0,5.22,2661875.0,16.575238095238095
1996-05-31,89.4,156.4,5.6,1.278,211157.0,8416.8,11.98,151.9,161.3,1504.0,2106.15,6.5,20108.121,1116.5,74.8142,82.605,5223.8,5.24,2603000.0,16.14636363636364
1996-06-30,92.4,156.7,5.3,1.2585,209474.0,8467.1,12.03,152.9,161.8,1467.0,2106.15,6.9,20108.121,1115.2,75.3726,83.052,5229.8,5.27,2557800.0,16.395
1996-07-31,94.7,157.0,5.5,1.2276,210827.0,8444.0,12.05,153.4,162.3,1472.0,2106.15,6.5,20424.877,1112.4,75.3738,83.42200000000001,5251.9,5.4,2517062.5,17.978636363636365
1996-08-31,95.3,157.2,5.1,1.206,210846.0,8464.7,12.1,153.9,162.5,1557.0,2106.15,6.4,20424.877,1101.6,75.7557,83.649,5275.0,5.22,2487700.0,15.760454545454547
1996-09-30,94.7,157.7,5.2,1.2024000000000001,213233.0,8483.9,12.13,154.6,162.9,1475.0,2106.15,6.4,20424.877,1096.2,76.2302,83.705,5296.6,5.3,2481625.0,16.578
1996-10-31,96.5,158.2,5.2,1.204,215526.0,8482.7,12.16,155.5,163.2,1392.0,2106.15,6.1,20866.405,1085.7,76.2157,83.632,5328.5,5.24,2469562.5,16.38173913043478
1996-11-30,99.2,158.7,5.4,1.23225,215167.0,8505.1,12.2,156.1,163.6,1489.0,2106.15,6.2,20866.405,1083.5,76.8973,83.559,5351.2,5.31,2441400.0,15.997
1996-12-31,96.9,159.1,5.4,1.2352,215690.0,8533.1,12.24,156.3,163.9,1370.0,2106.15,6.1,20866.405,1081.3,77.3772,83.493,5378.6,5.29,2457687.5,19.260952380952382
1997-01-31,97.4,159.4,5.3,1.23625,218124.0,8556.4,12.29,155.9,164.3,1355.0,2106.15,5.9,21107.274,1081.2,77.5135,83.53299999999999,5411.1,5.25,2497125.0,19.473333333333333
1997-02-28,99.7,159.7,5.2,1.23,219587.0,8579.2,12.31,156.5,164.7,1486.0,2106.15,6.0,21107.274,1078.8,78.4255,83.59899999999999,5434.0,5.19,2435312.5,20.139473684210525
1997-03-31,100.0,159.8,5.2,1.205,221189.0,8619.0,12.35,156.6,165.1,1457.0,2106.15,6.1,21107.274,1072.5,78.9197,83.913,5454.2,5.39,2373150.0,20.169999999999998
1997-04-30,101.4,159.9,5.1,1.199,217925.0,8624.5,12.39,156.5,165.6,1492.0,2106.15,6.2,21455.207,1063.9,78.9848,84.323,5459.3,5.51,2329562.5,19.662272727272725
1997-05-31,103.2,159.9,4.9,1.20025,217771.0,8661.9,12.43,156.6,166.0,1442.0,2106.15,6.5,21455.207,1063.8,79.4296,84.867,5460.2,5.5,2310350.0,19.924761904761905
1997-06-30,104.5,160.2,5.0,1.1976,220233.0,8689.7,12.46,156.9,166.5,1494.0,2106.15,6.3,21455.207,1066.1,79.7971,85.40100000000001,5494.2,5.56,2286750.0,20.194285714285712
1997-07-31,107.1,160.4,4.9,1.17425,222985.0,8723.1,12.5,157.2,166.9,1437.0,2106.15,5.8,21843.966,1065.5,80.4666,85.845,5548.8,5.52,2288875.0,20.529090909090908
1997-08-31,104.4,160.8,4.8,1.2235,223120.0,8768.6,12.57,157.7,167.3,1390.0,2106.15,5.7,21843.966,1075.3,81.2825,86.155,5587.0,5.54,2265750.0,23.084761904761905
1997-09-30,106.0,161.2,4.9,1.2314,224509.0,8791.5,12.6,158.0,167.8,1546.0,2106.15,5.9,21843.966,1066.9,82.0327,86.315,5601.7,5.54,2255187.5,23.812380952380952
1997-10-31,105.6,161.5,4.7,1.19675,224300.0,8834.8,12.66,158.3,168.2,1520.0,2106.15,5.9,22365.883,1065.6,82.7656,86.412,5637.7,5.5,2223000.0,23.87086956521739
1997-11-30,107.2,161.7,4.6,1.17075,223718.0,8892.2,12.71,158.6,168.6,1510.0,2106.15,6.1,22365.883,1070.9,83.427,86.63600000000001,5661.1,5.52,2209700.0,32.20611111111111
1997-12-31,102.1,161.8,4.7,1.1314,225236.0,8944.3,12.75,158.7,169.0,1566.0,2106.15,6.1,22365.883,1072.3,83.784,86.852,5692.1,5.5,2228062.5,26.276363636363637
1998-01-31,106.6,162.0,4.6,1.0862500000000002,225954.0,9022.9,12.79,159.5,169.4,1525.0,2106.15,7.0,22860.425,1074.0,84.1564,87.16799999999999,5689.9,5.56,2279750.0,23.8665
1998-02-28,110.4,162.0,4.6,1.049,225746.0,9081.2,12.83,159.4,169.8,1584.0,2106.15,7.0,22860.425,1077.8,84.3066,87.37799999999999,5723.8,5.51,2231812.5,19.998947368421053
1998-03-31,106.5,162.0,4.7,1.0168,226889.0,9134.4,12.87,159.7,170.3,1567.0,2106.15,7.1,22860.425,1076.9,84.342,87.882,5750.3,5.49,2217625.0,20.158636363636365
1998-04-30,108.7,162.2,4.3,1.03025,230409.0,9164.1,12.92,159.7,170.8,1540.0,2106.15,6.9,23428.595,1076.5,84.6339,88.56200000000001,5788.1,5.45,2198625.0,22.02857142857143
1998-05-31,106.5,162.6,4.4,1.0635,230995.0,9202.0,12.97,160.3,171.3,1536.0,2106.15,6.6,23428.595,1079.1,85.1867,89.37799999999999,5837.9,5.49,2147300.0,20.874000000000002
1998-06-30,105.6,162.8,4.5,1.0644,233207.0,9254.2,12.99,160.2,171.8,1641.0,2106.15,6.5,23428.595,1076.3,84.6809,90.198,5871.7,5.56,2159562.5,21.66272727272727
1998-07-31,105.2,163.2,4.5,1.05525,231551.0,9270.0,13.0,160.6,172.3,1698.0,2106.15,6.6,23919.521,1075.1,84.3445,90.86200000000001,5890.0,5.54,2305562.5,19.930000000000003
1998-08-31,104.4,163.4,4.5,1.026,229792.0,9299.3,13.07,161.0,172.9,1614.0,2106.15,6.5,23919.521,1075.9,86.0816,91.41,5925.0,5.55,2287100.0,31.58809523809524
1998-09-30,100.9,163.5,4.6,1.00925,232308.0,9325.5,13.11,161.1,173.4,1582.0,2106.15,6.1,23919.521,1079.9,86.0023,91.755,5965.6,5.51,2171625.0,38.2047619047619
1998-10-31,97.4,163.9,4.5,1.0187499999999998,236174.0,9337.5,13.14,162.0,173.9,1715.0,2106.15,5.9,24579.119,1086.0,86.591,92.00200000000001,5998.8,5.07,2157900.0,36.60818181818182
1998-11-30,102.7,164.1,4.4,0.9954000000000001,237592.0,9374.6,13.17,162.2,174.4,1660.0,2106.15,6.0,24579.119,1094.9,86.5115,92.2,6015.4,4.83,2184562.5,26.223000000000003
1998-12-31,100.5,164.4,4.4,0.945,240140.0,9391.7,13.21,162.4,174.8,1792.0,2106.15,5.5,24579.119,1095.0,86.8615,92.447,6070.5,4.68,2217375.0,25.479090909090907
1999-01-31,103.9,164.7,4.3,0.9390000000000001,240269.0,9444.1,13.27,163.0,175.2,1748.0,2106.15,6.1,25127.336,1098.1,87.2205,92.71700000000001,6073.9,4.63,2272900.0,28.035263157894736
1999-02-28,108.1,164.7,4.4,0.9205000000000001,243346.0,9476.2,13.3,163.3,175.5,1670.0,2106.15,6.0,25127.336,1096.7,87.726,92.984,6099.2,4.76,2255937.5,28.82263157894737
1999-03-31,105.7,164.8,4.2,0.982,244687.0,9484.1,13.34,163.3,175.9,1710.0,2106.15,5.6,25127.336,1096.6,87.9125,93.615,6133.0,4.81,2232312.5,25.309565217391306
1999-04-30,104.6,165.9,4.3,1.131,246628.0,9453.0,13.38,163.5,176.4,1553.0,2106.15,4.7,25568.457,1101.6,88.1082,94.44,6199.5,4.74,2238312.5,23.478571428571428
1999-05-31,106.8,166.0,4.2,1.1305999999999998,248367.0,9469.3,13.42,163.8,176.8,1611.0,2106.15,4.4,25568.457,1103.8,88.6483,95.365,6232.1,4.74,2216150.0,26.204500000000003
1999-06-30,107.3,166.0,4.3,1.1142500000000002,249329.0,9501.3,13.47,163.7,177.2,1559.0,2106.15,4.3,25568.457,1099.8,88.5903,96.368,6260.3,4.76,2200937.5,23.626363636363635
1999-07-31,106.0,166.7,4.3,1.1575,251263.0,9519.0,13.51,163.9,177.6,1669.0,2106.15,4.4,26213.386,1099.1,89.1098,97.196,6287.6,4.99,2192600.0,21.04904761904762
1999-08-31,104.5,167.1,4.2,1.2208,253844.0,9559.1,13.53,164.2,178.0,1648.0,2106.15,4.3,26213.386,1099.2,89.5007,97.90100000000001,6331.9,5.07,2184875.0,24.323636363636364
1999-09-30,107.2,167.8,4.2,1.2555,255029.0,9546.7,13.61,164.6,178.5,1635.0,2106.15,3.7,26213.386,1096.5,89.1304,98.40299999999999,6386.5,5.22,2166562.5,24.541428571428572
1999-10-31,103.2,168.1,4.1,1.24425,254816.0,9598.7,13.64,165.0,178.8,1608.0,2106.15,4.0,26833.034,1103.3,90.2709,98.836,6411.4,5.2,2125650.0,24.021428571428572
1999-11-30,107.2,168.4,4.1,1.2513999999999998,258133.0,9660.9,13.66,165.3,179.7,1648.0,2106.15,4.1,26833.034,1110.7,90.7528,99.152,6448.7,5.42,2083812.5,21.81809523809524
1999-12-31,105.4,168.8,4.0,1.2725,263311.0,9735.9,13.7,165.5,180.1,1708.0,2106.15,3.7,26833.034,1122.2,91.4784,99.546,6541.0,5.3,2092812.5,22.15909090909091
2000-01-31,112.0,169.3,4.0,1.2888,261545.0,9799.9,13.74,165.6,180.9,1636.0,2106.15,4.5,27302.047,1122.1,91.4092,100.0,6542.9,5.45,2104450.0,23.202
2000-02-29,111.3,170.0,4.1,1.377,265686.0,9837.9,13.8,166.2,181.3,1737.0,2106.15,4.0,27302.047,1108.6,91.7245,100.571,6625.3,5.73,2138312.5,23.5955
2000-03-31,107.1,171.0,4.0,1.5162499999999999,269019.0,9864.0,13.85,166.5,181.9,1604.0,2106.15,3.8,27302.047,1107.5,92.083,101.46600000000001,6686.5,5.85,2108437.5,22.718260869565217
2000-04-30,109.2,170.9,3.8,1.46475,264067.0,9913.7,13.89,166.7,182.3,1626.0,2106.15,4.3,27635.258,1115.6,92.6659,102.54,6679.1,6.02,2030000.0,27.164210526315788
2000-05-31,110.7,171.2,4.0,1.4868000000000001,265992.0,9954.5,13.94,167.3,182.8,1575.0,2106.15,4.3,27635.258,1104.9,92.9347,103.70200000000001,6709.7,6.27,2000375.0,26.37318181818182
2000-06-30,106.4,172.2,4.0,1.6332499999999999,267750.0,9982.3,13.98,167.4,183.4,1559.0,2106.15,4.3,27635.258,1102.6,93.0018,104.85600000000001,6746.9,6.53,2011875.0,21.54
2000-07-31,108.3,172.7,4.0,1.551,265683.0,10035.9,14.02,168.3,184.1,1463.0,2106.15,4.7,28066.835,1103.5,92.8373,105.723,6768.5,6.54,2069800.0,19.893
2000-08-31,107.3,172.7,4.1,1.4645000000000001,266885.0,10098.3,14.07,168.7,184.8,1541.0,2106.15,4.8,28066.835,1100.2,92.591,106.523,6802.8,6.5,2102312.5,18.088695652173914
2000-09-30,106.8,173.6,3.9,1.5502500000000001,270523.0,10110.3,14.12,168.9,185.4,1507.0,2106.15,4.1,28066.835,1099.7,92.9827,107.137,6888.6,6.52,2130300.0,19.6875
2000-10-31,105.8,173.9,3.9,1.5322,270339.0,10139.2,14.17,169.0,186.1,1549.0,2106.15,4.3,28630.088,1098.7,92.64,107.73,6893.8,6.51,2108500.0,25.2
2000-11-30,107.6,174.2,3.9,1.51725,268850.0,10143.5,14.23,169.2,186.7,1551.0,2106.15,4.3,28630.088,1092.4,92.6604,108.292,6909.8,6.51,2152625.0,26.38285714285714
2000-12-31,98.4,174.6,3.9,1.44275,268338.0,10164.3,14.29,170.0,187.4,1532.0,2106.15,4.1,28630.088,1088.6,92.3457,108.79299999999999,6952.2,6.4,2279800.0,26.5305
2001-01-31,94.7,175.6,4.2,1.4472,272881.0,10211.7,14.29,170.3,188.0,1600.0,2106.15,4.5,29018.83,1096.7,91.8908,109.215,6987.4,5.98,2371437.5,24.918571428571425
2001-02-28,90.6,176.0,4.2,1.44975,272627.0,10223.4,14.36,171.2,188.7,1625.0,2106.15,4.6,29018.83,1101.2,91.2851,109.64299999999999,7001.8,5.49,2457750.0,23.411578947368422
2001-03-31,91.5,176.1,4.3,1.40925,269820.0,10254.4,14.42,171.7,189.5,1590.0,2106.15,4.9,29018.83,1108.9,91.0585,110.39399999999999,6996.7,5.31,2552700.0,28.49681818181818
2001-04-30,88.4,176.4,4.4,1.5516,274410.0,10233.1,14.44,172.1,190.2,1649.0,2106.15,4.8,29438.859,1116.7,90.7384,111.24700000000001,7004.2,4.8,2649687.5,28.133999999999997
2001-05-31,92.0,177.3,4.3,1.70175,275769.0,10214.7,14.5,172.4,191.1,1605.0,2106.15,4.3,29438.859,1118.5,90.2607,112.20200000000001,7052.8,4.21,2768250.0,22.944090909090907
2001-06-30,92.6,177.7,4.5,1.61625,274474.0,10218.1,14.54,173.1,191.8,1636.0,2106.15,4.2,29438.859,1126.2,89.7811,113.273,7069.7,3.97,2920200.0,20.94047619047619
2001-07-31,92.4,177.4,4.6,1.4205999999999999,273098.0,10370.7,14.55,173.6,192.5,1670.0,2106.15,5.4,30167.313,1138.9,89.2352,114.228,7082.3,3.77,3006562.5,22.316190476190474
2001-08-31,91.5,177.4,4.9,1.42075,275659.0,10543.1,14.6,174.0,193.2,1567.0,2106.15,6.5,30167.313,1150.2,89.157,114.98899999999999,7121.7,3.65,3076687.5,21.86173913043478
2001-09-30,81.8,178.1,5.0,1.5215,268652.0,10452.8,14.62,174.2,194.0,1562.0,2106.15,6.9,30167.313,1205.7,88.6749,115.465,7007.0,3.07,3205550.0,35.065333333333335
2001-10-31,82.7,177.6,5.3,1.3154,288632.0,10267.7,14.66,174.8,194.7,1540.0,2106.15,2.9,30738.403,1165.7,88.4051,115.681,7212.9,2.49,3436125.0,32.72130434782609
2001-11-30,83.9,177.5,5.5,1.1705,280033.0,10279.7,14.72,174.9,195.4,1602.0,2106.15,3.4,30738.403,1171.0,87.886,115.837,7182.3,2.09,3622062.5,26.63095238095238
2001-12-31,88.8,177.4,5.7,1.0859999999999999,276302.0,10298.9,14.74,174.7,196.2,1568.0,2106.15,3.7,30738.403,1183.2,87.8518,116.054,7166.7,1.82,3626650.0,23.72
2002-01-31,93.0,177.7,5.7,1.10725,277135.0,10514.7,14.76,175.3,196.8,1698.0,2106.15,5.6,31165.144,1190.7,88.4634,116.436,7184.6,1.73,3547562.5,22.252857142857142
2002-02-28,90.7,178.0,5.7,1.11375,278869.0,10531.6,14.78,175.7,197.5,1829.0,2106.15,5.4,31165.144,1190.6,88.4578,116.916,7225.2,1.74,3551250.0,22.87578947368421
2002-03-31,95.7,178.5,5.7,1.24925,278079.0,10539.0,14.83,176.1,198.1,1642.0,2106.15,5.5,31165.144,1193.3,89.1265,117.93,7243.4,1.73,3579350.0,18.985
2002-04-30,93.0,179.3,5.9,1.3969999999999998,281147.0,10574.2,14.84,176.4,198.5,1592.0,2106.15,5.4,31670.836,1186.9,89.5507,119.209,7312.5,1.75,3680812.5,19.900454545454547
2002-05-31,96.9,179.5,5.8,1.39175,278966.0,10616.5,14.88,175.8,198.9,1764.0,2106.15,6.1,31670.836,1189.3,89.9348,120.789,7288.9,1.75,3702312.5,20.087727272727275
2002-06-30,92.4,179.6,5.8,1.38225,280426.0,10648.2,14.93,175.9,199.5,1717.0,2106.15,6.1,31670.836,1193.3,90.6736,122.334,7322.5,1.75,3665650.0,25.271
2002-07-31,88.1,180.0,5.8,1.3969999999999998,284161.0,10621.0,14.97,176.1,200.0,1655.0,2106.15,5.3,32228.104,1199.1,90.6436,123.68799999999999,7387.3,1.73,3549250.0,34.04954545454546
2002-08-31,87.6,180.5,5.7,1.39575,285884.0,10623.0,15.02,176.1,200.3,1633.0,2106.15,5.2,32228.104,1187.1,90.5505,124.73100000000001,7412.6,1.74,3502100.0,33.74272727272727
2002-09-30,86.1,180.8,5.7,1.3996,281064.0,10633.6,15.05,176.5,200.8,1804.0,2106.15,5.8,32228.104,1196.1,90.6373,125.495,7391.5,1.75,3545187.5,37.6475
2002-10-31,80.6,181.2,5.7,1.44525,282940.0,10661.8,15.12,176.4,201.3,1648.0,2106.15,5.6,33060.269,1204.0,90.3988,126.13799999999999,7435.2,1.75,3564562.5,35.24304347826087
2002-11-30,84.2,181.5,5.9,1.419,283408.0,10690.9,15.15,176.9,201.9,1753.0,2106.15,5.6,33060.269,1209.6,90.8947,126.64399999999999,7463.8,1.34,3514300.0,28.175
2002-12-31,86.7,181.8,6.0,1.3858000000000001,286646.0,10719.9,15.2,177.1,202.4,1788.0,2106.15,5.3,33060.269,1220.2,90.3906,127.152,7519.9,1.24,3473062.5,28.21047619047619
2003-01-31,82.4,182.6,5.8,1.4575,288657.0,10710.4,15.22,177.1,203.2,1853.0,2106.15,5.3,33674.728,1227.3,91.1369,127.65299999999999,7541.3,1.24,3428625.0,27.424285714285713
2003-02-28,79.9,183.6,5.9,1.613,284696.0,10674.0,15.28,178.1,203.5,1629.0,2106.15,5.2,33674.728,1238.2,91.2505,128.327,7548.6,1.26,3419750.0,32.21842105263158
2003-03-31,77.6,183.9,5.9,1.693,288177.0,10696.5,15.27,178.4,204.0,1726.0,2106.15,4.9,33674.728,1239.3,91.0006,129.308,7611.5,1.25,3515650.0,30.634285714285717
2003-04-30,86.0,183.2,6.0,1.589,289053.0,10752.7,15.28,178.5,204.5,1643.0,2106.15,5.0,34570.629,1250.0,90.4311,130.488,7634.5,1.26,3588750.0,23.99190476190476
2003-05-31,92.1,182.9,6.1,1.49725,289619.0,10832.0,15.33,178.8,205.0,1751.0,2106.15,5.3,34570.629,1268.8,90.4,131.839,7650.3,1.26,3698200.0,20.23952380952381
2003-06-30,89.7,183.1,6.3,1.4928000000000001,293671.0,10860.6,15.36,179.7,205.3,1867.0,2106.15,5.1,34570.629,1281.0,90.5196,133.225,7699.6,1.22,3707250.0,20.362380952380953
2003-07-31,90.9,183.7,6.2,1.5125,296207.0,10991.1,15.4,179.8,205.8,1897.0,2106.15,5.9,35205.233,1287.5,90.9869,134.648,7757.0,1.01,3651625.0,19.161363636363635
2003-08-31,89.3,184.5,6.1,1.62025,299592.0,11066.7,15.42,180.5,206.2,1833.0,2106.15,5.7,35205.233,1296.4,90.7933,135.966,7852.1,1.03,3603850.0,19.274285714285714
2003-09-30,87.7,185.1,6.1,1.6788,298921.0,10940.8,15.42,180.9,206.7,1939.0,2106.15,4.9,35205.233,1297.2,91.3819,137.077,7853.7,1.01,3586125.0,19.532380952380954
2003-10-31,89.6,184.9,6.0,1.5635,298205.0,10982.3,15.42,181.6,206.9,1967.0,2106.15,5.0,36029.86,1297.8,91.5049,137.977,7867.4,1.01,3529125.0,18.023478260869567
2003-11-30,93.7,185.0,5.8,1.512,299433.0,11048.4,15.46,182.6,207.4,2083.0,2106.15,5.0,36029.86,1299.1,92.1265,138.766,7922.6,1.0,3409650.0,17.40105263157895
2003-12-31,92.6,185.5,5.7,1.4788000000000001,300702.0,11057.2,15.47,183.5,207.7,2057.0,2106.15,5.0,36029.86,1306.2,92.1732,139.629,7950.4,0.98,3299312.5,16.826363636363638
2004-01-31,103.8,186.3,5.7,1.57175,301993.0,11051.2,15.51,183.4,208.1,1911.0,2106.15,4.6,37510.522,1306.0,92.3268,140.70600000000002,8007.1,1.0,3186000.0,16.101
2004-02-29,94.4,186.7,5.6,1.6475,303915.0,11071.0,15.53,183.9,208.6,1846.0,2106.15,4.6,37510.522,1321.4,92.8995,142.028,8040.4,1.01,3132937.5,15.99842105263158
2004-03-31,95.8,187.1,5.8,1.736,309471.0,11115.6,15.56,184.2,209.1,1998.0,2106.15,4.5,37510.522,1328.7,92.5368,144.079,8098.8,1.0,3064562.5,17.687391304347827
2004-04-30,94.2,187.4,5.6,1.79775,307358.0,11153.3,15.59,184.6,209.7,2003.0,2106.15,4.9,38276.375,1332.8,92.8957,146.18,8107.2,1.0,3015062.5,15.69857142857143
2004-05-31,90.2,188.2,5.6,1.9834,311088.0,11208.9,15.63,186.1,210.3,1981.0,2106.15,4.8,38276.375,1333.3,93.5845,148.335,8176.5,1.0,2986600.0,17.705000000000002
2004-06-30,95.6,188.9,5.6,1.96925,309127.0,11215.8,15.67,186.4,210.9,1828.0,2106.15,5.4,38276.375,1342.7,92.8651,150.519,8157.6,1.03,2954312.5,15.342727272727274
2004-07-31,96.7,189.1,5.5,1.91125,311681.0,11240.5,15.69,186.8,211.4,2002.0,2106.15,4.7,39058.133,1340.8,93.5502,152.338,8236.9,1.26,2925950.0,15.502380952380953
2004-08-31,95.9,189.2,5.4,1.8780000000000001,311192.0,11274.6,15.73,187.0,212.0,2024.0,2106.15,4.7,39058.133,1354.3,93.6301,153.815,8271.6,1.43,2905562.5,16.68409090909091
2004-09-30,94.2,189.8,5.4,1.86975,317446.0,11279.6,15.78,186.9,212.5,1905.0,2106.15,4.1,39058.133,1362.5,93.7353,155.108,8341.5,1.61,2872812.5,14.08095238095238
2004-10-31,91.7,190.8,5.5,1.9995,318476.0,11282.5,15.81,187.8,212.8,2072.0,2106.15,3.9,40134.489,1362.3,94.5695,156.298,8397.1,1.76,2803200.0,14.973809523809523
2004-11-30,92.8,191.7,5.4,1.9794,320520.0,11246.1,15.84,188.4,213.1,1782.0,2106.15,3.4,40134.489,1374.2,94.8015,157.495,8444.5,1.93,2748125.0,13.577619047619047
2004-12-31,97.1,191.7,5.4,1.841,324672.0,11659.0,15.86,188.4,213.7,2042.0,2106.15,6.2,40134.489,1376.0,95.5415,158.66899999999998,8504.4,2.16,2720187.5,12.459545454545456
2005-01-31,95.5,191.6,5.3,1.8308,321272.0,11226.5,15.9,188.7,214.3,2144.0,2106.15,2.7,40908.14,1367.1,95.8785,160.13,8497.7,2.28,2723100.0,13.437999999999999
2005-02-28,94.1,192.4,5.4,1.91,325308.0,11229.0,15.93,188.6,214.9,2207.0,2106.15,2.3,40908.14,1371.1,96.5709,161.925,8559.1,2.5,2704375.0,11.708947368421052
2005-03-31,92.6,193.1,5.2,2.07925,326179.0,11268.8,15.97,189.1,215.4,1864.0,2106.15,2.5,40908.14,1370.9,96.4345,164.577,8598.4,2.63,2668687.5,13.126363636363635
2005-04-30,87.7,193.7,5.2,2.2425,329124.0,11304.2,16.01,190.4,216.0,2061.0,2106.15,2.1,41772.355,1358.4,96.6347,167.00099999999998,8678.4,2.79,2626350.0,14.459047619047618
2005-05-31,86.9,193.6,5.1,2.1612,327233.0,11352.7,16.03,190.6,216.5,2025.0,2106.15,2.6,41772.355,1366.0,96.7251,169.547,8671.6,3.0,2588375.0,13.967619047619047
2005-06-30,96.0,193.7,5.0,2.1555,337219.0,11375.5,16.08,190.5,217.0,2068.0,2106.15,2.0,41772.355,1380.1,97.1483,172.018,8753.4,3.04,2598687.5,11.868636363636364
2005-07-31,96.5,194.9,5.0,2.29,339529.0,11387.1,16.15,190.9,217.7,2054.0,2106.15,1.4,42450.329,1369.0,96.8397,174.101,8853.8,3.26,2595050.0,11.049
2005-08-31,89.1,196.1,4.9,2.4861999999999997,335605.0,11405.3,16.17,191.1,218.1,2095.0,2106.15,2.0,42450.329,1377.8,97.1584,175.926,8850.1,3.5,2583250.0,12.951304347826087
2005-09-30,76.9,198.8,5.0,2.90325,336600.0,11365.2,16.19,191.5,218.7,2151.0,2106.15,2.0,42450.329,1378.6,95.2764,177.613,8900.4,3.62,2634562.5,12.628095238095238
2005-10-31,74.2,199.1,5.0,2.7168,336753.0,11428.7,16.28,192.0,219.3,2065.0,2106.15,2.3,43540.364,1376.5,96.4411,178.755,8938.5,3.78,2811550.0,14.937619047619048
2005-11-30,81.6,198.1,5.0,2.25675,339719.0,11500.1,16.3,192.6,219.9,2147.0,2106.15,2.6,43540.364,1376.1,97.5016,179.676,8946.2,4.0,2743500.0,12.147619047619047
2005-12-31,91.5,198.1,4.9,2.185,339895.0,11535.2,16.36,192.9,220.3,1994.0,2106.15,2.5,43540.364,1374.3,97.9723,180.109,8981.1,4.16,2637850.0,11.26
2006-01-31,91.2,199.3,4.7,2.3156,349664.0,11651.8,16.42,193.6,220.8,2273.0,2106.15,3.0,44615.362,1379.5,98.127,180.828,9071.6,4.29,2598437.5,12.036
2006-02-28,86.7,199.4,4.8,2.2800000000000002,347021.0,11702.8,16.48,193.7,221.5,2119.0,2106.15,3.2,44615.362,1378.4,98.1687,181.49900000000002,9096.0,4.49,2526500.0,12.471052631578948
2006-03-31,88.9,199.7,4.7,2.42475,348357.0,11747.5,16.54,194.0,222.2,1969.0,2106.15,3.3,44615.362,1383.2,98.3913,182.74900000000002,9132.9,4.59,2474375.0,11.69391304347826
2006-04-30,87.4,200.7,4.7,2.742,350072.0,11744.4,16.63,193.8,222.9,1821.0,2106.15,3.1,45696.946,1381.4,98.6826,183.648,9191.6,4.79,2419800.0,11.84736842105263
2006-05-31,79.1,201.3,4.6,2.9067999999999996,348889.0,11736.8,16.66,194.1,223.7,1942.0,2106.15,2.9,45696.946,1387.2,98.7074,184.38,9231.8,4.94,2383937.5,14.454545454545455
2006-06-30,84.9,201.8,4.6,2.8845,350795.0,11751.9,16.72,194.7,224.6,1802.0,2106.15,2.9,45696.946,1375.4,99.0398,184.547,9259.6,4.99,2400062.5,16.918636363636363
2006-07-31,84.7,202.9,4.7,2.9806,351916.0,11746.9,16.78,195.2,225.4,1737.0,2106.15,2.3,46619.036,1372.4,98.9751,184.608,9343.8,5.24,2437400.0,15.325999999999999
2006-08-31,82.0,203.8,4.7,2.95175,353285.0,11737.0,16.82,195.7,226.3,1650.0,2106.15,2.5,46619.036,1372.4,99.4047,184.405,9342.2,5.25,2462062.5,13.351739130434783
2006-09-30,85.4,202.8,4.5,2.5549999999999997,351240.0,11800.1,16.87,196.3,227.2,1720.0,2106.15,2.4,46619.036,1364.4,99.2246,184.19799999999998,9375.4,5.25,2453050.0,12.1845
2006-10-31,93.6,201.9,4.4,2.2446,351035.0,11853.7,16.93,196.9,228.0,1491.0,2106.15,2.4,47723.598,1370.3,99.1229,184.054,9393.6,5.25,2444187.5,11.306363636363637
2006-11-30,92.1,202.0,4.5,2.22925,352116.0,11901.9,16.98,197.0,228.8,1570.0,2106.15,2.7,47723.598,1370.8,99.0963,183.63099999999997,9400.2,5.25,2453000.0,10.817619047619049
2006-12-31,91.7,203.1,4.4,2.3127500000000003,356367.0,11958.6,17.05,197.1,229.8,1649.0,2106.15,2.6,47723.598,1366.6,100.1125,183.229,9488.3,5.24,2493900.0,10.9645
2007-01-31,96.9,203.437,4.6,2.2398,355792.0,11956.6,17.09,198.378,230.547,1409.0,2106.15,2.4,48922.533,1371.7,99.7546,182.718,9538.7,5.25,2499562.5,11.0425
2007-02-28,91.3,204.226,4.5,2.27775,356545.0,11996.0,17.16,199.736,231.546,1480.0,2106.15,2.8,48922.533,1363.0,100.7166,182.47,9566.0,5.26,2553312.5,11.155263157894737
2007-03-31,88.4,205.288,4.4,2.56275,359415.0,12035.1,17.22,200.432,232.349,1495.0,2106.15,3.0,48922.533,1366.5,100.8952,182.192,9611.7,5.26,2540800.0,15.162727272727272
2007-04-30,87.1,205.904,4.5,2.8449999999999998,358562.0,12052.8,17.27,200.952,232.96,1490.0,2106.15,3.0,50058.793,1378.0,101.5723,182.13,9643.6,5.25,2500250.0,12.933000000000002
2007-05-31,88.3,206.755,4.4,3.146,363085.0,12059.9,17.34,201.735,233.656,1415.0,2106.15,2.8,50058.793,1380.9,101.6269,181.88400000000001,9685.8,5.25,2459187.5,13.297727272727274
2007-06-30,85.3,207.234,4.6,3.056,360234.0,12053.3,17.41,202.557,234.283,1448.0,2106.15,2.7,50058.793,1368.2,101.6547,181.54,9706.8,5.25,2469150.0,14.947619047619046
2007-07-31,90.4,207.603,4.7,2.9646,361770.0,12066.4,17.46,203.232,234.996,1354.0,2106.15,2.6,51479.585,1371.8,101.4953,180.99400000000003,9751.1,5.26,2529875.0,17.273333333333333
2007-08-31,83.4,207.667,4.6,2.78575,363676.0,12070.9,17.5,204.008,235.524,1330.0,2106.15,2.2,51479.585,1376.3,101.6943,180.235,9798.9,5.02,2541687.5,25.02608695652174
2007-09-30,83.4,208.547,4.7,2.80325,365178.0,12089.6,17.55,205.003,236.239,1183.0,2106.15,2.3,51479.585,1375.7,101.9428,179.123,9845.1,4.94,2548450.0,22.198947368421056
2007-10-31,80.9,209.19,4.7,2.803,367322.0,12080.4,17.58,205.651,237.18,1264.0,2106.15,2.2,52683.491,1379.4,101.6446,177.53099999999998,9882.7,4.76,2540000.0,19.115652173913045
2007-11-30,76.1,210.834,4.7,3.08,370776.0,12070.1,17.63,206.493,238.063,1197.0,2106.15,1.9,52683.491,1371.8,102.2167,175.16299999999998,9955.9,4.49,2602437.5,25.58238095238095
2007-12-31,75.5,211.445,5.0,3.0184,366569.0,12120.5,17.68,206.874,238.873,1037.0,2106.15,2.4,52683.491,1373.4,102.2764,173.338,9972.8,4.24,2672300.0,21.651
2008-01-31,78.4,212.174,5.0,3.04275,367368.0,12137.1,17.74,208.126,239.517,1084.0,2106.15,2.6,53579.723,1377.7,102.1493,171.077,9996.4,3.94,2779625.0,25.816190476190474
2008-02-29,70.8,212.687,4.9,3.0275,364126.0,12141.8,17.8,208.901,240.08,1103.0,2106.15,3.0,53579.723,1380.4,101.7756,169.19,9981.7,2.98,2822687.5,25.456
2008-03-31,69.5,213.448,5.1,3.2439999999999998,365164.0,12145.9,17.88,209.324,240.68,1005.0,2106.15,2.9,53579.723,1388.7,101.4508,167.90099999999998,10035.3,2.61,2887700.0,27.103500000000004
2008-04-30,62.6,213.942,5.0,3.458,364816.0,12100.8,17.92,211.127,241.437,1013.0,2106.15,2.4,53849.642,1391.4,100.7554,167.31799999999998,10070.3,2.28,2954687.5,21.562727272727273
2008-05-31,59.8,215.208,5.4,3.7657499999999997,368255.0,12696.2,17.98,212.019,241.927,973.0,2106.15,6.8,53849.642,1393.4,100.1336,167.015,10132.3,1.98,2995000.0,18.303333333333335
2008-06-30,56.4,217.463,5.6,4.0542,368926.0,12376.6,18.04,213.333,242.882,1046.0,2106.15,4.6,53849.642,1404.6,99.8728,166.53400000000002,10187.1,2.0,3039000.0,22.11047619047619
2008-07-31,61.2,219.016,5.8,4.0615000000000006,367594.0,12188.7,18.1,215.434,243.675,923.0,2106.15,3.6,54730.702,1421.1,99.4194,165.71200000000002,10185.1,2.01,3123375.0,24.321818181818184
2008-08-31,63.0,218.69,6.1,3.7785,364611.0,12120.6,18.18,216.528,244.475,844.0,2106.15,3.1,54730.702,1407.4,97.8491,164.27700000000002,10175.7,2.0,3317800.0,20.695714285714285
2008-09-30,70.3,218.877,6.1,3.7026000000000003,358991.0,12149.0,18.2,217.768,245.175,820.0,2106.15,3.9,54730.702,1462.0,93.5576,161.912,10116.4,1.81,3464312.5,30.23857142857143
2008-10-31,57.6,216.995,6.5,3.05125,346137.0,12240.5,18.25,218.667,245.914,777.0,2106.15,4.9,54789.271,1473.8,94.4985,159.16299999999998,10034.1,0.97,3658562.5,61.17739130434782
2008-11-30,55.3,213.153,6.8,2.1470000000000002,332498.0,12345.9,18.31,219.07,246.556,652.0,2106.15,6.0,54789.271,1514.6,93.2617,156.072,9885.2,0.39,3951100.0,62.66894736842105
2008-12-31,60.1,211.398,7.3,1.687,324767.0,12288.8,18.39,219.073,246.992,560.0,2106.15,5.8,54789.271,1601.7,90.6266,152.545,9801.5,0.16,4394437.5,52.405
2009-01-31,61.2,211.933,7.8,1.7882500000000001,329787.0,12361.5,18.39,219.234,247.563,490.0,2106.15,5.9,54594.185,1582.8,88.3712,149.362,9847.2,0.15,4747400.0,44.683
2009-02-28,56.3,212.705,8.3,1.92275,328376.0,12241.9,18.44,218.949,247.994,582.0,2106.15,5.4,54594.185,1567.2,87.843,147.618,9824.5,0.22,5148625.0,45.57052631578947
2009-03-31,57.3,212.495,8.7,1.9586,322634.0,12242.7,18.5,218.51,248.396,505.0,2106.15,5.8,54594.185,1578.9,86.4689,146.514,9773.2,0.18,5582375.0,44.79545454545455
2009-04-30,65.1,212.709,9.0,2.049,324323.0,12320.0,18.52,218.175,248.837,478.0,2106.15,6.5,54463.255,1611.6,85.7903,146.942,9772.5,0.15,6034750.0,38.063809523809525
2009-05-31,68.7,213.022,9.4,2.2655000000000003,327011.0,12500.1,18.53,217.813,249.204,540.0,2106.15,7.8,54463.255,1617.5,84.9436,148.16899999999998,9791.6,0.18,6429100.0,31.977999999999998
2009-06-30,70.8,214.79,9.5,2.6306000000000003,332227.0,12273.2,18.56,217.813,249.381,585.0,2106.15,6.1,54463.255,1658.8,84.6746,149.796,9852.4,0.21,6542562.5,29.140454545454546
2009-07-31,66.0,214.726,9.5,2.5265,333670.0,12218.7,18.59,217.387,249.343,594.0,2106.15,5.4,54444.019,1662.5,85.6853,150.748,9886.3,0.16,6296000.0,26.162727272727274
2009-08-31,65.7,215.445,9.6,2.6164,339586.0,12194.8,18.67,217.376,249.359,586.0,2106.15,4.4,54444.019,1660.0,86.6393,150.668,10004.1,0.16,6088050.0,25.337142857142858
2009-09-30,73.5,215.861,9.8,2.5540000000000003,330998.0,12230.6,18.7,217.258,249.261,585.0,2106.15,5.5,54444.019,1664.9,87.3821,149.627,9927.8,0.15,6010500.0,24.92666666666667
2009-10-31,70.6,216.509,10.0,2.55125,334595.0,12193.2,18.74,217.452,248.959,534.0,2106.15,5.1,54289.713,1677.7,87.5809,148.584,9976.7,0.12,5841750.0,24.252272727272725
2009-11-30,67.4,217.234,9.9,2.6513999999999998,337321.0,12224.4,18.8,217.581,248.778,588.0,2106.15,5.5,54289.713,1683.0,87.9388,147.939,9985.7,0.12,5566375.0,23.788999999999998
2009-12-31,72.5,217.347,9.9,2.60725,338736.0,12280.2,18.84,217.904,248.667,581.0,2106.15,5.4,54289.713,1692.8,88.2404,146.666,10052.6,0.12,5270312.5,21.239545454545453
2010-01-31,74.4,217.488,9.8,2.715,339093.0,12285.8,18.88,218.489,248.721,614.0,2106.15,5.6,54102.737,1674.7,89.1897,145.003,10056.1,0.11,4912650.0,20.643157894736845
2010-02-28,73.6,217.281,9.8,2.644,339580.0,12292.0,18.91,218.552,248.717,604.0,2106.15,5.3,54102.737,1699.8,89.5046,143.055,10093.4,0.13,4810312.5,22.54
2010-03-31,73.6,217.353,9.9,2.7716000000000003,346974.0,12340.3,18.92,218.99,248.854,636.0,2106.15,5.3,54102.737,1711.9,90.1356,143.596,10156.0,0.16,4755125.0,17.767391304347825
2010-04-30,72.2,217.403,9.9,2.84825,349869.0,12447.1,18.96,219.209,248.962,687.0,2106.15,6.0,54052.996,1699.0,90.4607,145.398,10182.3,0.2,4726875.0,17.424285714285716
2010-05-31,73.6,217.29,9.6,2.8362000000000003,346858.0,12540.3,19.01,219.331,249.066,583.0,2106.15,6.4,54052.996,1710.1,91.7014,147.031,10210.8,0.2,4697250.0,31.9295
2010-06-30,76.0,217.199,9.4,2.7315,346516.0,12544.3,19.03,219.285,249.327,536.0,2106.15,6.2,54052.996,1731.6,91.9033,147.697,10231.3,0.18,4615312.5,29.916363636363634
2010-07-31,67.8,217.605,9.4,2.72875,347612.0,12554.2,19.04,219.234,249.458,546.0,2106.15,6.1,54413.795,1724.0,92.2549,147.559,10268.1,0.18,4543200.0,25.565238095238094
2010-08-31,68.9,217.923,9.5,2.7298,349188.0,12591.4,19.11,219.48,249.346,599.0,2106.15,6.2,54413.795,1748.7,92.5936,146.425,10307.1,0.19,4473312.5,24.74590909090909
2010-09-30,68.2,218.275,9.5,2.705,352179.0,12589.9,19.11,220.219,249.663,594.0,2106.15,6.1,54413.795,1766.2,92.8533,144.606,10327.1,0.19,4475687.5,22.517619047619046
2010-10-31,67.7,219.035,9.4,2.8005,356215.0,12592.5,19.21,220.521,249.66,543.0,2106.15,5.9,54918.751,1780.4,92.6033,143.124,10386.4,0.19,4397900.0,20.37333333333333
2010-11-30,71.6,219.59,9.8,2.859,359450.0,12605.1,19.21,220.946,250.182,545.0,2106.15,5.8,54918.751,1828.4,92.6686,141.812,10433.6,0.19,4259750.0,20.095714285714287
2010-12-31,74.5,220.472,9.3,2.9930000000000003,361979.0,12680.6,19.23,221.215,250.641,539.0,2106.15,6.2,54918.751,1836.7,93.5916,140.621,10471.0,0.18,4125875.0,17.56954545454545
2011-01-31,74.2,221.187,9.1,3.0948,364394.0,12740.1,19.33,222.469,251.142,630.0,2106.15,6.6,55141.528,1846.3,93.3889,139.029,10514.3,0.17,3971650.0,17.3155
2011-02-28,77.5,221.898,9.0,3.2110000000000003,367475.0,12776.6,19.31,223.504,251.516,517.0,2106.15,6.9,55141.528,1870.1,93.0045,137.724,10540.6,0.16,3885437.5,17.43
2011-03-31,67.5,223.046,9.0,3.5612500000000002,370775.0,12742.7,19.3,225.213,251.905,600.0,2106.15,6.3,55141.528,1896.5,93.9684,137.779,10619.7,0.14,3786375.0,20.723478260869566
2011-04-30,69.8,224.093,9.1,3.7995,372820.0,12721.3,19.36,226.072,252.203,554.0,2106.15,6.3,55263.422,1897.0,93.6571,139.153,10652.1,0.1,3758950.0,16.244
2011-05-31,74.3,224.806,9.0,3.9061999999999997,372505.0,12705.3,19.41,226.94,252.584,561.0,2106.15,6.3,55263.422,1941.6,93.7723,140.689,10672.2,0.09,3789250.0,16.91142857142857
2011-06-30,71.5,224.806,9.1,3.68,375587.0,12756.9,19.41,227.515,252.986,608.0,2106.15,6.5,55263.422,1963.4,94.0493,141.942,10694.8,0.09,3751500.0,19.153181818181817
2011-07-31,63.7,225.395,9.0,3.6502499999999998,375442.0,12805.6,19.48,228.482,253.423,623.0,2106.15,6.7,55526.319,1996.0,94.4958,142.341,10731.6,0.07,3729750.0,19.2275
2011-08-31,55.8,226.106,9.0,3.6393999999999997,375860.0,12799.7,19.47,229.634,254.295,585.0,2106.15,6.7,55526.319,2115.4,95.0974,141.783,10750.3,0.1,3711500.0,35.02913043478261
2011-09-30,59.5,226.597,9.0,3.61125,380042.0,12781.7,19.49,230.682,254.895,650.0,2106.15,6.4,55526.319,2120.0,95.0244,140.16299999999998,10783.2,0.08,3739187.5,36.53
2011-10-31,60.8,226.75,8.8,3.4479999999999995,382207.0,12791.9,19.56,230.899,255.651,610.0,2106.15,6.3,55864.751,2128.5,95.6891,138.4,10802.9,0.07,3713600.0,32.829047619047614
2011-11-30,63.7,227.169,8.6,3.38375,383422.0,12782.7,19.56,231.118,256.207,711.0,2106.15,6.4,55864.751,2182.0,95.6778,136.654,10806.8,0.08,3665187.5,31.94190476190476
2011-12-31,69.9,227.223,8.5,3.26575,383985.0,12898.5,19.57,231.557,256.8,694.0,2106.15,7.2,55864.751,2165.7,96.1809,135.156,10817.8,0.07,3598100.0,25.047619047619047
2012-01-31,75.0,227.842,8.3,3.38,387531.0,12967.5,19.59,232.213,257.267,723.0,2106.15,7.4,56241.809,2201.8,96.7595,134.158,10896.8,0.08,3593500.0,20.228
2012-02-29,75.3,228.329,8.3,3.57925,392310.0,13029.6,19.58,232.14,257.842,704.0,2106.15,7.3,56241.809,2207.1,97.0662,133.988,10987.2,0.1,3407312.5,18.4205
2012-03-31,76.2,228.807,8.2,3.85175,393698.0,13066.4,19.64,232.591,258.335,695.0,2106.15,7.6,56241.809,2227.8,96.5609,135.857,10993.9,0.13,3358300.0,16.167272727272728
2012-04-30,76.4,229.187,8.2,3.9004,392073.0,13116.5,19.67,233.044,258.977,753.0,2106.15,7.9,56406.903,2237.3,97.251,138.463,11018.5,0.14,3322812.5,17.823
2012-05-31,79.3,228.713,8.2,3.73225,391376.0,13112.5,19.68,233.219,259.481,708.0,2106.15,7.9,56406.903,2256.2,97.4595,141.039,11006.8,0.16,3320875.0,21.001818181818184
2012-06-30,73.2,228.524,8.2,3.53875,387901.0,13097.2,19.71,233.683,259.893,757.0,2106.15,7.9,56406.903,2275.3,97.4768,143.161,10989.8,0.16,3329600.0,21.13095238095238
2012-07-31,72.3,228.59,8.2,3.4392000000000005,389686.0,12999.8,19.75,233.845,260.476,740.0,2106.15,7.0,57111.02,2315.0,97.6714,144.274,11016.8,0.16,3309625.0,17.565238095238094
2012-08-31,74.3,229.918,8.1,3.7215,394524.0,12961.6,19.74,234.244,260.999,754.0,2106.15,6.7,57111.02,2354.1,97.2734,144.697,11056.0,0.13,3303250.0,15.689565217391305
2012-09-30,78.3,231.015,7.8,3.8485,397681.0,13053.1,19.79,234.404,261.62,847.0,2106.15,7.2,57111.02,2386.6,97.2217,144.349,11105.3,0.14,3315000.0,15.284736842105264
2012-10-31,82.6,231.638,7.8,3.7456000000000005,397494.0,13142.0,19.79,234.843,262.631,915.0,2106.15,7.8,57571.995,2420.1,97.5311,143.958,11137.4,0.16,3296125.0,16.276190476190475
2012-11-30,82.7,231.249,7.7,3.4517499999999997,399708.0,13315.7,19.85,235.253,263.137,833.0,2106.15,8.7,57571.995,2441.2,97.9084,143.95,11178.4,0.16,3312687.5,16.701904761904764
2012-12-31,72.9,231.221,7.9,3.3104,401093.0,13642.7,19.91,235.677,263.669,976.0,2106.15,10.9,57571.995,2460.7,98.1884,143.858,11181.2,0.16,3228000.0,17.307
2013-01-31,73.8,231.679,8.0,3.3185000000000002,404434.0,12845.5,19.94,236.011,264.245,888.0,2106.15,4.9,58020.776,2476.7,98.1736,144.303,11252.4,0.14,3215312.5,13.505238095238095
2013-02-28,77.6,232.937,7.7,3.67,409118.0,12813.9,19.99,235.992,264.904,962.0,2106.15,4.7,58020.776,2468.9,98.6434,145.154,11290.5,0.15,3091000.0,14.072631578947368
2013-03-31,78.6,232.282,7.5,3.71125,406223.0,12852.1,20.01,236.213,265.603,1010.0,2106.15,4.8,58020.776,2476.3,99.047,147.955,11290.1,0.14,3033900.0,13.0315
2013-04-30,76.4,231.797,7.6,3.5702,404231.0,12893.4,20.04,236.655,266.094,835.0,2106.15,5.1,58064.811,2504.9,98.9445,150.963,11281.1,0.15,3051812.5,13.967272727272727
2013-05-31,84.5,231.893,7.5,3.61475,406677.0,12954.2,20.04,236.454,266.841,930.0,2106.15,5.3,58064.811,2523.5,99.0383,153.852,11321.6,0.11,3021250.0,13.493636363636364
2013-06-30,84.1,232.445,7.5,3.626,407921.0,12955.7,20.13,236.98,267.451,839.0,2106.15,5.4,58064.811,2521.0,99.2221,156.418,11344.4,0.09,2998900.0,17.2715
2013-07-31,85.1,232.9,7.3,3.5909999999999997,410268.0,12941.8,20.14,237.184,267.87,880.0,2106.15,5.2,58450.503,2542.3,98.8987,158.276,11372.6,0.09,3019875.0,13.974545454545455
2013-08-31,82.1,233.456,7.2,3.57375,409691.0,12969.6,20.17,237.451,268.837,917.0,2106.15,5.2,58450.503,2551.3,99.4897,159.382,11406.6,0.08,2963500.0,14.21
2013-09-30,77.5,233.544,7.2,3.5324,410044.0,13027.5,20.23,237.519,269.315,850.0,2106.15,5.3,58450.503,2585.5,100.021,159.66299999999998,11445.9,0.08,2880125.0,14.692000000000002
2013-10-31,73.2,233.669,7.2,3.34375,411399.0,12974.6,20.25,237.75,269.822,925.0,2106.15,4.7,59474.462,2631.2,99.9037,159.55,11498.0,0.09,2930437.5,15.407826086956522
2013-11-30,75.1,234.1,6.9,3.24275,412561.0,12998.9,20.31,237.947,270.387,1100.0,2106.15,4.5,59474.462,2638.8,100.1582,159.361,11562.5,0.08,2885450.0,12.924000000000001
2013-12-31,82.5,234.719,6.7,3.2763999999999998,414812.0,13019.1,20.34,238.182,271.22,1002.0,2106.15,4.5,59474.462,2674.2,100.374,159.279,11593.2,0.09,2852187.5,14.192380952380953
2014-01-31,81.2,235.288,6.6,3.3125,411561.0,13079.5,20.39,238.492,271.918,888.0,2106.15,5.2,59935.794,2714.1,99.9899,159.366,11578.8,0.07,2866562.5,14.24095238095238
2014-02-28,81.6,235.547,6.7,3.35625,416736.0,13148.0,20.51,239.408,272.461,944.0,2106.15,5.3,59935.794,2730.2,100.7471,159.86700000000002,11636.9,0.07,2855062.5,15.47
2014-03-31,80.0,236.028,6.7,3.5332,421230.0,13219.9,20.5,240.447,273.341,970.0,2106.15,5.2,59935.794,2749.3,101.7435,161.181,11722.3,0.08,2804150.0,14.836666666666666
2014-04-30,84.1,236.468,6.2,3.66075,425546.0,13270.2,20.52,241.241,274.255,1043.0,2106.15,5.4,60392.589,2774.2,101.8273,162.957,11762.3,0.09,2734500.0,14.19809523809524
2014-05-31,81.9,236.918,6.3,3.67275,426253.0,13312.9,20.53,242.408,275.013,1007.0,2106.15,5.6,60392.589,2785.3,102.2392,164.669,11807.3,0.09,2690550.0,12.475238095238096
2014-06-30,82.5,237.231,6.1,3.6915999999999998,427305.0,13360.4,20.6,242.646,275.819,911.0,2106.15,5.6,60392.589,2817.2,102.5774,166.19799999999998,11861.7,0.1,2612125.0,11.541428571428572
2014-07-31,81.8,237.498,6.2,3.61125,428079.0,13386.8,20.61,243.235,276.663,1085.0,2106.15,5.5,60865.978,2837.3,102.7954,167.123,11904.4,0.09,2553125.0,12.296363636363635
2014-08-31,82.5,237.46,6.1,3.4865,431379.0,13445.9,20.66,243.792,277.319,984.0,2106.15,5.3,60865.978,2787.0,102.6322,167.438,11983.7,0.09,2516950.0,13.491904761904761
2014-09-30,84.6,237.477,5.9,3.4061999999999997,430189.0,13486.3,20.66,244.48,278.149,1023.0,2106.15,5.5,60865.978,2861.2,102.9417,167.229,11991.4,0.09,2466562.5,13.466666666666667
2014-10-31,86.9,237.43,5.7,3.1705,431903.0,13550.7,20.7,244.866,278.797,1074.0,2106.15,5.4,61633.553,2880.4,102.9611,166.898,12064.7,0.09,2431937.5,18.058695652173913
2014-11-30,88.8,236.983,5.8,2.9122500000000002,433113.0,13624.4,20.77,245.394,279.758,1001.0,2106.15,5.6,61633.553,2888.2,103.5978,166.646,12083.9,0.09,2404800.0,13.413157894736841
2014-12-31,93.6,236.252,5.6,2.5425999999999997,430110.0,13719.1,20.71,246.237,280.383,1073.0,2106.15,6.0,61633.553,2955.8,103.6151,166.447,12096.1,0.12,2396250.0,16.292272727272728
2015-01-31,98.1,234.747,5.7,2.11575,428208.0,13797.7,20.8,246.197,281.223,1085.0,2106.15,6.3,61854.052,2955.6,102.7923,166.234,12066.7,0.11,2371000.0,19.1195
2015-02-28,95.4,235.342,5.5,2.21625,427119.0,13848.0,20.84,246.495,282.171,886.0,2106.15,6.4,61854.052,3025.2,102.1366,166.614,12116.6,0.11,2329312.5,15.90421052631579
2015-03-31,93.0,235.976,5.4,2.4636,433647.0,13811.3,20.91,246.072,283.056,960.0,2106.15,5.9,61854.052,3001.2,101.7869,168.074,12176.1,0.11,2343062.5,14.812727272727273
2015-04-30,95.9,236.222,5.4,2.469,434470.0,13842.0,20.92,246.002,283.786,1190.0,2106.15,5.9,62380.648,3002.7,101.2255,169.959,12209.1,0.12,2291937.5,13.494761904761905
2015-05-31,90.7,237.001,5.6,2.7182500000000003,437865.0,13865.6,20.98,246.239,284.559,1079.0,2106.15,5.8,62380.648,2978.3,100.7675,171.84,12275.4,0.12,2261800.0,13.3385
2015-06-30,96.1,237.657,5.3,2.8015999999999996,437951.0,13874.1,21.0,246.937,285.477,1205.0,2106.15,5.7,62380.648,3014.8,100.4588,173.438,12307.9,0.13,2266125.0,14.339545454545457
2015-07-31,93.1,238.034,5.2,2.7935,441942.0,13905.7,21.03,247.157,286.435,1146.0,2106.15,5.6,62719.977,3035.1,101.0893,174.481,12364.9,0.13,2258187.5,14.352727272727272
2015-08-31,91.9,238.033,5.1,2.6362,441849.0,13935.8,21.11,247.742,287.32,1130.0,2039.8661904761907,5.6,62719.977,3014.3,100.9165,174.92,12396.2,0.14,2253250.0,19.42809523809524
2015-09-30,87.2,237.498,5.0,2.36525,439867.0,13972.2,21.09,248.492,288.385,1224.0,1944.4023809523808,5.8,62719.977,3038.0,100.633,175.025,12386.4,0.14,2248687.5,24.377142857142857
2015-10-31,90.0,237.733,5.0,2.29,438693.0,13996.9,21.19,248.755,289.236,1058.0,2024.8127272727272,5.8,63305.747,3017.9,100.1563,175.02900000000002,12394.9,0.12,2217500.0,16.789545454545454
2015-11-30,91.3,238.017,5.1,2.158,440303.0,13993.4,21.21,248.525,289.953,1172.0,2080.6165,5.6,63305.747,3074.6,99.4366,175.11900000000003,12423.2,0.12,2203562.5,16.21
2015-12-31,92.6,237.761,5.0,2.0374999999999996,442149.0,14060.2,21.23,248.206,290.723,1146.0,2054.0795454545455,5.8,63305.747,3106.3,98.9471,175.092,12452.0,0.24,2213812.5,18.025454545454547
2016-01-31,92.0,237.652,4.8,1.9485000000000001,439466.0,14121.1,21.31,248.353,291.7,1092.0,1918.5978947368421,6.1,64000.344,3107.2,99.4391,175.016,12478.0,0.34,2203300.0,23.717894736842105
2016-02-29,91.7,237.336,4.9,1.7635999999999998,443117.0,14135.3,21.33,248.606,292.617,1225.0,1904.4185000000002,5.6,64000.344,3142.5,98.9232,175.263,12554.5,0.38,2206562.5,22.517
2016-03-31,91.0,238.08,5.0,1.96875,441856.0,14135.4,21.39,248.029,293.471,1111.0,2021.9540909090908,5.9,64000.344,3157.8,98.1635,176.58599999999998,12537.0,0.36,2180875.0,15.84909090909091
2016-04-30,89.0,238.992,5.1,2.11275,444254.0,14106.2,21.46,248.235,294.397,1163.0,2075.535238095238,5.5,64556.062,3200.1,98.4775,178.481,12611.5,0.37,2147800.0,14.300476190476191
2016-05-31,94.7,239.557,4.8,2.2682,445490.0,14095.5,21.47,247.856,295.371,1148.0,2065.5509523809524,5.3,64556.062,3236.8,98.2549,180.329,12652.7,0.37,2170750.0,14.852857142857141
2016-06-30,93.5,240.222,4.9,2.3655,450237.0,14104.9,21.52,247.683,296.306,1203.0,2083.8913636363636,4.9,64556.062,3242.5,98.7315,181.90099999999998,12731.2,0.38,2159687.5,17.774545454545457
2016-07-31,90.0,240.101,4.8,2.239,449789.0,14160.1,21.58,247.658,297.192,1239.0,2148.902,5.1,65159.661,3242.1,98.8452,183.00400000000002,12756.7,0.39,2137500.0,13.1585
2016-08-31,89.8,240.545,4.9,2.1776,449946.0,14176.7,21.6,247.746,298.029,1171.0,2177.4821739130434,5.1,65159.661,3310.8,98.7427,183.642,12788.1,0.4,2144375.0,12.399565217391304
2016-09-30,91.2,241.176,5.0,2.2185,453056.0,14209.1,21.62,247.772,299.035,1068.0,2157.6909523809527,5.1,65159.661,3319.6,98.6552,183.929,12846.6,0.4,2128125.0,14.21952380952381
2016-10-31,87.2,241.741,4.9,2.2494,453847.0,14235.4,21.71,247.812,300.215,1313.0,2143.0209523809526,5.3,65595.607,3332.0,98.7237,183.998,12867.0,0.4,2079950.0,14.585238095238097
2016-11-30,93.8,242.026,4.7,2.1814999999999998,453892.0,14273.6,21.72,247.741,301.223,1140.0,2164.985714285714,5.4,65595.607,3347.1,98.3443,184.208,12893.0,0.41,2053687.5,15.236190476190476
2016-12-31,98.2,242.637,4.7,2.25425,459305.0,14313.7,21.76,247.725,302.271,1252.0,2246.6290476190475,5.0,65595.607,3345.4,99.0406,184.38,13005.9,0.54,2045550.0,12.472380952380954
2017-01-31,98.5,243.618,4.7,2.3489999999999998,464412.0,14373.7,21.82,248.065,303.156,1190.0,2275.116,5.3,66038.966,3399.1,98.8158,184.63400000000001,13063.7,0.65,2071562.5,11.6085
2017-02-28,96.3,244.006,4.6,2.3040000000000003,464284.0,14416.8,21.84,248.735,304.06,1271.0,2329.9105263157894,5.6,66038.966,3409.9,98.4356,185.002,13088.4,0.66,2067750.0,11.530526315789475
2017-03-31,96.9,243.892,4.4,2.325,463674.0,14476.3,21.88,249.244,304.888,1190.0,2366.822173913043,5.6,66038.966,3455.8,99.0492,186.512,13139.9,0.79,2030875.0,11.89782608695652
2017-04-30,97.0,244.193,4.4,2.41725,465276.0,14509.3,21.94,249.589,305.692,1146.0,2359.3094736842104,5.7,66691.433,3454.5,100.0416,188.52599999999998,13169.2,0.9,1983000.0,13.136315789473684
2017-05-31,97.1,244.004,4.4,2.3914,462754.0,14610.7,21.97,249.972,306.72,1157.0,2395.345909090909,6.3,66691.433,3517.8,100.128,190.521,13171.9,0.91,1908625.0,10.862272727272726
2017-06-30,95.0,244.163,4.3,2.3465,465130.0,14618.7,22.02,249.77,307.681,1249.0,2433.9854545454546,6.0,66691.433,3525.5,100.337,192.245,13225.2,1.04,1907000.0,10.513636363636364
2017-07-31,93.4,244.243,4.3,2.2998,465089.0,14660.2,22.07,250.185,308.49,1206.0,2454.1025,6.0,67540.161,3546.3,100.0865,193.489,13263.3,1.15,1925600.0,10.2645
2017-08-31,96.8,245.183,4.4,2.38025,466020.0,14678.3,22.1,250.469,309.608,1159.0,2456.223043478261,6.1,67540.161,3581.8,99.6323,194.322,13294.6,1.16,1926312.5,11.975652173913044
2017-09-30,95.1,246.435,4.3,2.64525,475724.0,14706.0,22.18,250.826,310.346,1181.0,2492.841,5.9,67540.161,3563.6,99.7482,194.792,13417.3,1.15,1907350.0,10.437999999999999
2017-10-31,100.7,246.626,4.2,2.505,476107.0,14748.6,22.18,251.048,311.33,1257.0,2556.997272727273,6.0,68594.03,3603.9,100.9893,195.058,13447.5,1.15,1885125.0,10.125454545454545
2017-11-30,98.5,247.284,4.2,2.5635,480949.0,14771.1,22.23,251.195,312.295,1273.0,2593.6057142857144,5.6,68594.03,3622.0,101.2493,195.424,13540.6,1.16,1940125.0,10.54047619047619
2017-12-31,95.9,247.805,4.1,2.47675,483586.0,14797.9,22.3,251.716,313.462,1177.0,2664.3405,5.0,68594.03,3612.6,101.4871,195.821,13666.1,1.3,1977000.0,10.2645
2018-01-31,95.7,248.859,4.0,2.5545999999999998,481414.0,14886.6,22.36,252.377,314.531,1299.0,2789.8038095238094,5.7,69327.699,3659.1,101.4852,196.092,13703.3,1.41,1970500.0,11.062380952380952
2018-02-28,99.7,249.529,4.1,2.58725,484031.0,14921.1,22.41,252.264,315.162,1277.0,2705.1552631578948,5.8,69327.699,3621.3,101.7319,196.88299999999998,13738.7,1.42,1980937.5,22.464736842105264
2018-03-31,101.4,249.577,4.0,2.59125,484110.0,14974.8,22.49,252.365,315.885,1318.0,2702.7738095238096,5.9,69327.699,3667.4,102.1943,198.549,13793.2,1.51,1954300.0,19.023809523809526
2018-04-30,98.8,250.227,4.0,2.757,484154.0,15007.2,22.55,252.867,316.96,1276.0,2653.625238095238,6.0,70015.834,3664.0,103.3551,200.58700000000002,13838.4,1.69,1912875.0,18.267619047619046
2018-05-31,98.0,250.792,3.8,2.9007500000000004,491960.0,15057.8,22.6,252.864,317.766,1357.0,2701.4936363636366,6.0,70015.834,3655.7,102.381,202.423,13905.0,1.7,1791375.0,14.124545454545455
2018-06-30,98.2,251.018,4.0,2.89075,490228.0,15119.3,22.66,253.167,318.607,1192.0,2754.3528571428574,6.3,70015.834,3655.9,103.2256,204.015,13930.4,1.82,1702050.0,13.678095238095239
2018-07-31,97.9,251.214,3.8,2.8486000000000002,493142.0,15184.7,22.7,253.598,319.642,1208.0,2793.6433333333334,6.5,70761.575,3679.5,103.3561,204.925,13974.8,1.91,1663437.5,13.147619047619049
2018-08-31,96.2,251.663,3.8,2.83575,493445.0,15238.6,22.78,253.949,320.86,1288.0,2857.8204347826086,6.6,70761.575,3686.3,104.0585,205.303,14014.0,1.91,1628812.5,12.54695652173913
2018-09-30,100.1,252.182,3.7,2.8355,491507.0,15237.5,22.86,254.302,321.563,1250.0,2901.5005263157896,6.8,70761.575,3694.8,104.1038,205.35,14017.8,1.95,1568400.0,12.910526315789474
2018-10-31,98.6,252.772,3.8,2.8600000000000003,496416.0,15274.1,22.89,254.17,322.447,1221.0,2785.4647826086957,6.7,71680.162,3722.9,103.9297,205.345,14083.1,2.19,1571125.0,19.35217391304348
2018-11-30,97.5,252.594,3.8,2.64725,498854.0,15315.2,23.0,254.887,323.633,1181.0,2723.229523809524,6.5,71680.162,3697.3,104.0126,205.083,14162.9,2.2,1649000.0,19.38904761904762
2018-12-31,98.3,252.767,3.9,2.3655999999999997,489113.0,15506.5,23.11,255.877,324.408,1095.0,2567.3073684210526,8.4,71680.162,3761.0,104.0451,204.672,14051.6,2.27,1728100.0,24.953157894736844
2019-01-31,91.2,252.561,4.0,2.24775,490440.0,15536.3,23.13,256.533,325.314,1226.0,2607.3900000000003,8.4,72265.431,3754.1,103.3598,204.173,14084.6,2.4,1777125.0,19.57238095238095
2019-02-28,93.8,253.319,3.8,2.30925,491751.0,15560.4,23.19,257.253,326.22,1121.0,2754.8642105263157,8.5,72265.431,3762.3,102.8251,204.398,14117.4,2.4,1793062.5,15.234736842105262
2019-03-31,98.4,254.277,3.8,2.516,499292.0,15566.5,23.29,257.681,327.539,1191.0,2803.9838095238097,7.9,72265.431,3738.4,102.8361,205.745,14248.6,2.41,1793800.0,14.485238095238095
2019-04-30,97.2,255.233,3.7,2.7984,499343.0,15534.2,23.33,257.325,328.816,1272.0,2903.8,7.6,72900.007,3789.9,102.2748,207.66,14290.0,2.42,1702437.5,12.949047619047619
2019-05-31,100.0,255.296,3.6,2.85925,504741.0,15532.4,23.4,257.818,329.617,1293.0,2854.7059090909092,7.3,72900.007,3789.2,102.4176,209.324,14353.3,2.39,1640937.5,16.721818181818183
2019-06-30,98.2,255.213,3.6,2.71575,505251.0,15562.1,23.48,257.952,330.919,1243.0,2890.166,7.1,72900.007,3832.1,102.5425,210.558,14408.7,2.38,1626450.0,15.836000000000002
2019-07-31,98.4,255.802,3.7,2.7399999999999998,509091.0,15581.4,23.53,258.059,331.935,1240.0,2996.1136363636365,6.8,74042.498,3862.5,102.0057,211.30700000000002,14496.0,2.4,1635562.5,13.305909090909092
2019-08-31,89.8,256.036,3.6,2.621,512561.0,15664.3,23.61,258.288,332.781,1375.0,2897.498181818182,6.9,74042.498,3847.1,102.7814,211.666,14558.2,2.13,1628200.0,18.97909090909091
2019-09-30,93.2,256.43,3.5,2.5922,509282.0,15697.5,23.68,258.865,333.92,1311.0,2982.156,7.0,74042.498,3894.0,102.4601,211.84599999999998,14590.6,2.04,1588562.5,15.559000000000001
2019-10-31,95.5,257.155,3.6,2.627,510648.0,15718.1,23.75,259.434,334.558,1325.0,2977.675217391304,7.1,74898.722,3926.3,101.5878,211.942,14617.4,1.83,1601187.5,15.466521739130435
2019-11-30,96.8,257.879,3.6,2.59775,514215.0,15766.9,23.83,260.048,335.484,1353.0,3104.9044999999996,6.9,74898.722,3942.6,102.1494,212.083,14711.0,1.55,1662000.0,12.5235
2019-12-31,99.3,258.63,3.6,2.555,515866.0,15683.8,23.84,260.483,336.418,1548.0,3176.749523809524,6.2,74898.722,4003.6,101.9421,212.21599999999998,14774.8,1.55,1734500.0,13.756666666666666
2020-01-31,99.8,259.127,3.6,2.5477499999999997,515119.0,15857.3,23.91,261.293,337.591,1581.0,3278.202857142857,7.0,77243.225,3989.3,101.3372,212.37400000000002,14844.3,1.55,1794312.5,13.94095238095238
2020-02-29,101.0,259.25,3.5,2.442,515330.0,15916.8,24.03,261.962,338.489,1549.0,3277.314210526316,7.5,77243.225,4001.1,101.6718,213.192,14833.8,1.58,1775250.0,19.628947368421052
2020-03-31,89.1,258.076,4.4,2.2342,468324.0,15704.9,24.13,262.622,339.502,1266.0,2652.3936363636367,12.4,77243.225,4266.0,97.606,215.166,13810.5,0.65,2353937.5,57.73681818181819
2020-04-30,71.8,256.032,14.8,1.8405,401028.0,18030.2,25.14,266.37,340.225,936.0,2761.975238095238,32.0,80603.797,4804.3,84.6812,217.21,12234.4,0.05,11738937.5,41.453809523809525
2020-05-31,72.3,255.802,13.2,1.8695,478449.0,17114.4,24.98,268.086,341.007,1039.0,2919.6150000000002,22.8,80603.797,16231.5,86.0108,218.457,13251.7,0.05,20418000.0,30.897000000000002
2020-06-30,78.1,257.042,11.0,2.0822,518038.0,17047.5,24.78,269.553,341.524,1266.0,3104.6609090909087,18.4,80603.797,16554.5,91.6745,219.782,14040.8,0.08,18459562.5,31.119545454545456
2020-07-31,72.5,258.352,10.2,2.18325,526304.0,17195.8,24.69,268.532,342.312,1526.0,3207.6190909090906,17.8,81432.377,16761.7,95.0037,221.53799999999998,14303.8,0.09,16879000.0,26.840454545454545
2020-08-31,74.1,259.316,8.4,2.1824,530735.0,16524.8,24.8,268.957,342.65,1396.0,3391.71,13.9,81432.377,16879.5,95.9294,224.018,14454.9,0.1,14852850.0,22.88952380952381
2020-09-30,80.4,259.997,7.8,2.18275,541302.0,16616.5,24.82,269.043,342.986,1473.0,3365.516666666667,13.1,81432.377,17159.2,95.8914,226.77,14675.4,0.09,12698375.0,27.64761904761905
2020-10-31,81.8,260.319,6.9,2.158,539114.0,16552.9,24.84,269.653,343.502,1543.0,3418.701363636363,12.6,82961.033,17360.5,96.5256,229.782,14726.0,0.09,9101850.0,29.438636363636363
2020-11-30,76.9,260.911,6.7,2.1082,533941.0,16350.6,24.95,269.636,343.731,1543.0,3548.9925000000003,11.8,82961.033,17618.5,96.9529,232.287,14704.9,0.09,6426500.0,24.9955
2020-12-31,80.7,262.045,6.7,2.19525,538548.0,16391.2,25.17,270.781,344.125,1614.0,3695.3100000000004,11.8,82961.033,17827.9,98.2039,234.335,14827.3,0.09,5570562.5,22.37409090909091
2021-01-31,79.0,262.639,6.4,2.33425,559230.0,18146.5,25.17,271.223,344.469,1630.0,3793.748421052632,19.2,84104.453,18088.5,98.8135,236.40599999999998,15081.5,0.09,5104300.0,24.91
2021-02-28,76.8,263.573,6.2,2.501,544891.0,16633.9,25.26,271.498,345.073,1404.0,3883.432105263158,12.6,84104.453,18349.1,95.5072,239.185,14984.4,0.08,4584312.5,23.140526315789476
2021-03-31,84.9,264.847,6.1,2.8104,603581.0,20445.8,25.35,271.756,345.669,1696.0,3910.508260869565,25.9,84104.453,18607.9,98.1929,244.18200000000002,15712.4,0.07,4141937.5,21.84304347826087
2021-04-30,88.3,266.625,6.1,2.85825,608961.0,17335.4,25.51,272.761,346.38,1495.0,4141.176190476191,12.0,86248.031,18968.3,98.3317,249.79,15915.0,0.07,3831062.5,17.416190476190476
2021-05-31,82.9,268.404,5.8,2.9852,605282.0,16836.3,25.68,273.89,347.23,1589.0,4167.8495,9.6,86248.031,19254.2,99.1867,255.415,15950.5,0.06,3701500.0,19.7605
2021-06-30,85.5,270.71,5.9,3.06375,611950.0,16757.8,25.81,276.002,348.091,1650.0,4238.489545454546,8.4,86248.031,19320.3,99.6483,261.137,16183.6,0.08,3380000.0,16.956818181818182
2021-07-31,81.2,271.965,5.4,3.136,601817.0,16867.8,25.96,277.759,348.889,1597.0,4363.7128571428575,9.2,87298.183,19489.0,100.0668,265.471,16223.5,0.1,3135050.0,17.603333333333335
2021-08-31,70.3,272.752,5.1,3.1578,605533.0,16832.4,26.11,278.985,349.993,1594.0,4454.206363636364,8.4,87298.183,19687.0,100.0412,268.743,16390.6,0.09,2824562.5,17.472727272727273
2021-09-30,72.8,273.942,4.7,3.175,609671.0,16641.8,26.3,281.299,351.323,1577.0,4445.543333333333,7.2,87298.183,19867.5,98.9955,271.39099999999996,16477.5,0.08,2730250.0,19.824761904761903
2021-10-31,71.7,276.528,4.5,3.2904999999999998,618573.0,16648.1,26.46,283.972,352.757,1579.0,4460.7071428571435,6.6,89208.133,20047.2,100.3542,273.596,16694.0,0.08,2525850.0,17.871428571428574
2021-11-30,67.4,278.824,4.2,3.3948,624874.0,16598.3,26.56,286.057,354.21,1705.0,4667.386666666666,6.1,89208.133,20235.7,101.2684,275.962,16849.0,0.08,2048437.5,18.50047619047619
2021-12-31,70.6,280.806,3.9,3.3064999999999998,619938.0,16525.4,26.76,287.798,355.551,1722.0,4674.772727272727,6.0,89208.133,20399.4,101.1948,278.536,16905.5,0.08,1783875.0,21.354545454545455
2022-01-31,67.2,282.542,4.0,3.3146,631509.0,16143.2,26.91,290.144,357.396,1702.0,4573.8155,3.6,90952.14,20520.3,101.2146,281.914,17017.8,0.08,1698650.0,23.181
2022-02-28,62.8,284.525,3.8,3.5172499999999998,638101.0,16143.0,26.98,292.978,359.395,1735.0,4435.98052631579,3.6,90952.14,20641.0,101.8458,287.134,17136.1,0.08,1662062.5,25.748421052631578
2022-03-31,59.4,287.467,3.7,4.22175,651027.0,16065.5,27.12,295.713,361.0,1712.0,4391.265217391305,2.7,90952.14,20684.6,102.6732,294.931,17371.4,0.2,1574625.0,26.968695652173913
2022-04-30,65.2,288.582,3.7,4.1085,660194.0,16063.7,27.28,298.363,363.086,1820.0,4391.296,2.2,91849.266,20727.1,102.9024,301.553,17493.8,0.33,1466700.0,24.3735
2022-05-31,58.4,291.299,3.6,4.4436,659847.0,16049.1,27.4,301.684,365.364,1531.0,4040.3599999999997,2.3,91849.266,20669.0,102.9659,306.317,17569.9,0.77,1380375.0,29.313636363636363
2022-06-30,50.0,295.072,3.6,4.929,666113.0,16015.9,27.53,304.845,368.231,1551.0,3898.9466666666667,2.0,91849.266,20592.9,102.8224,308.113,17747.6,1.21,1361625.0,28.23318181818182
2022-07-31,51.5,294.94,3.5,4.5592500000000005,659550.0,16219.1,27.66,308.083,370.953,1381.0,3911.7295,3.1,92868.279,20531.9,103.0505,306.95099999999996,17744.0,1.68,1383650.0,24.995238095238093
2022-08-31,58.2,295.162,3.6,3.975,663566.0,16314.4,27.74,310.739,373.649,1531.0,4158.563043478261,3.1,92868.279,20435.3,103.1703,303.532,17897.5,2.33,1419375.0,22.169565217391302
2022-09-30,58.6,296.421,3.5,3.70025,661854.0,16372.3,27.85,312.835,376.648,1488.0,3850.520476190476,3.1,92868.279,20281.7,103.5326,300.369,17987.2,2.56,1404250.0,27.34181818181818
2022-10-31,59.9,297.979,3.6,3.8152,668671.0,16424.3,28.0,315.023,379.275,1435.0,3726.050952380953,3.2,94072.677,20092.4,103.4442,298.59,18096.2,3.08,1402900.0,30.005714285714287
2022-11-30,56.7,298.708,3.6,3.685,659458.0,16436.5,28.12,316.5,382.218,1424.0,3917.488571428571,3.4,94072.677,19922.8,103.1058,296.777,18094.0,3.78,1437125.0,23.29909090909091
2022-12-31,59.8,298.808,3.5,3.21,651763.0,16497.5,28.23,317.798,385.182,1308.0,3912.3809523809523,3.7,94072.677,19671.5,101.8266,294.268,18134.6,4.1,1536450.0,21.784285714285716
2023-01-31,64.9,300.456,3.5,3.3391999999999995,680253.0,16808.5,28.31,319.421,387.957,1361.0,3960.6565,4.2,95356.399,19527.8,102.7476,292.758,18475.2,4.33,1591562.5,20.16904761904762
2023-02-28,66.9,301.476,3.6,3.38875,672152.0,16879.1,28.43,320.651,390.833,1399.0,4079.684736842105,4.6,95356.399,19385.8,102.8003,293.55,18532.1,4.57,1630312.5,20.1205
2023-03-31,62.0,301.643,3.5,3.4219999999999997,665071.0,16968.0,28.59,320.797,392.795,1377.0,3968.5591304347827,5.3,95356.399,18926.0,102.8143,297.474,18511.3,4.65,1664312.5,21.644347826086957
2023-04-30,63.7,302.858,3.4,3.6029999999999998,670494.0,16983.3,28.69,321.209,395.062,1354.0,4121.467368421053,5.0,95835.235,18615.4,103.2241,301.595,18638.7,4.83,1707950.0,17.817894736842106
2023-05-31,59.0,303.316,3.6,3.5548,673902.0,17041.9,28.78,321.933,397.024,1584.0,4146.173181818182,5.2,95835.235,18549.0,102.9809,305.466,18676.4,5.06,1717437.5,17.63608695652174
2023-06-30,64.2,304.099,3.6,3.571,677117.0,17050.3,28.89,322.406,398.968,1421.0,4345.372857142857,5.0,95835.235,18435.0,102.3809,308.426,18742.1,5.08,1749000.0,14.003181818181817
2023-07-31,71.5,304.615,3.5,3.597,678424.0,17061.6,29.02,323.046,400.798,1460.0,4508.0755,4.6,96750.366,18342.2,103.0722,310.348,18850.5,5.12,1777350.0,13.932380952380951
2023-08-31,69.4,306.138,3.7,3.83975,684755.0,17085.8,29.06,323.957,402.673,1317.0,4457.358695652174,4.7,96750.366,18226.2,103.0951,311.71299999999997,18911.6,5.33,1796687.5,15.85391304347826
2023-09-30,67.8,307.374,3.8,3.8360000000000003,689403.0,17101.1,29.16,324.332,404.578,1371.0,4409.094999999999,4.4,96750.366,18124.9,103.3081,312.564,19024.9,5.33,1804300.0,15.173333333333332
2023-10-31,63.8,307.653,3.9,3.6128,686148.0,17152.8,29.27,325.424,406.513,1368.0,4269.4009090909085,4.5,98170.791,18022.9,102.5781,312.91900000000004,19069.5,5.33,1805125.0,18.887727272727272
2023-11-30,61.3,308.087,3.7,3.318,685328.0,17229.4,29.38,325.808,408.47,1514.0,4460.0633333333335,4.6,98170.791,17957.4,102.8868,312.159,19151.0,5.33,1807250.0,14.01909090909091
2023-12-31,69.7,308.735,3.8,3.134,686277.0,17267.4,29.48,326.442,410.051,1521.0,4685.0515,4.4,98170.791,17915.1,102.6309,310.975,19289.9,5.33,1804100.0,12.7185
2024-01-31,79.0,309.794,3.7,3.0753999999999997,680456.0,17426.2,29.61,327.575,411.551,1381.0,4804.4914285714285,5.5,99148.098,17943.3,101.483,310.846,19308.5,5.33,1767562.5,13.388636363636364
2024-02-29,76.9,311.022,3.9,3.2115,685280.0,17442.4,29.67,327.803,413.33,1552.0,5011.961499999999,5.4,99148.098,17984.0,102.7267,312.774,19412.7,5.33,1795062.5,13.980476190476189
2024-03-31,79.4,312.107,3.9,3.4255,687641.0,17486.9,29.8,328.004,415.084,1312.0,5170.5725,5.2,99148.098,17980.9,102.5186,316.957,19553.2,5.33,1793550.0,13.7875
2024-04-30,77.2,313.016,3.9,3.6114000000000006,687602.0,17464.9,29.85,328.413,416.554,1385.0,5112.492727272727,5.1,99767.303,17973.6,102.3568,320.875,19603.3,5.33,1788625.0,16.137727272727275
2024-05-31,69.1,313.14,4.0,3.6029999999999998,692635.0,17511.1,29.97,328.864,418.116,1316.0,5235.225454545455,4.9,99767.303,18002.4,102.9797,323.802,19697.3,5.33,1788812.5,13.058695652173913
2024-06-30,68.2,313.131,4.1,3.4545,690682.0,17515.6,30.07,329.651,419.249,1327.0,5415.140526315789,4.8,99767.303,18038.8,103.2534,325.353,19747.5,5.33,1828150.0,12.667
2024-07-31,66.4,313.566,4.2,3.4838,699098.0,17505.0,30.17,330.142,421.216,1265.0,5538.004545454546,4.3,101204.454,18036.9,102.5192,325.671,19866.3,5.33,1861687.5,14.373913043478263
2024-08-31,67.9,314.131,4.2,3.38925,697522.0,17494.6,30.27,330.644,422.687,1391.0,5478.214545454545,4.2,101204.454,18091.3,103.0196,325.117,19905.0,5.33,1862600.0,19.312272727272727
2024-09-30,70.1,314.851,4.1,3.2138,703079.0,17519.6,30.38,331.716,423.925,1357.0,5621.2605,3.8,101204.454,18157.0,102.5954,324.742,20044.1,5.13,1837875.0,17.663333333333334
2024-10-31,70.5,315.564,4.1,3.137,707613.0,17586.3,30.49,332.418,425.21,1352.0,5792.319565217392,4.1,102073.199,18214.8,102.2138,324.061,20123.2,4.83,1860812.5,19.960869565217394
2024-11-30,71.8,316.449,4.2,3.05275,712145.0,17618.0,30.58,333.492,426.265,1295.0,5929.916,3.9,102073.199,18327.7,101.9503,323.77099999999996,20235.1,4.64,1879050.0,16.015238095238097
2024-12-31,74.0,317.603,4.1,3.0176,717662.0,17638.6,30.67,334.456,427.535,1514.0,6010.908571428571,3.5,102073.199,18358.8,103.0447,323.356,20408.1,4.48,1867125.0,15.866190476190477
2025-01-31,71.7,319.086,4.0,3.0755,711461.0,17647.9,30.8,335.671,429.017,1358.0,5979.5154999999995,4.2,103037.159,18444.1,102.9343,323.647,20370.0,4.33,1861687.5,16.763636363636365
2025-02-28,64.7,319.775,4.1,3.12075,711757.0,17702.9,30.91,336.223,430.224,1490.0,6038.69,4.4,103037.159,18511.4,104.0003,325.094,20436.3,4.33,1858312.5,16.968
2025-03-31,57.0,319.615,4.2,3.0964,722572.0,17814.8,30.97,337.686,431.655,1355.0,5683.983333333333,4.4,103037.159,18542.3,103.7483,327.603,20578.5,4.33,1866500.0,21.841428571428573
2025-04-30,52.2,320.321,4.2,3.17125,721983.0,17929.9,31.05,337.424,433.13,1392.0,5369.495714285715,4.9,103037.159,18667.6,103.8216,329.608,20622.0,4.33,1866500.0,31.966190476190473
2025-05-31,52.2,320.58,4.2,3.15,715417.0,17806.5,31.15,338.386,434.054,1256.0,5810.9195238095235,4.5,103037.159,18712.6,103.5948,329.608,20592.7,4.33,1891050.0,20.46227272727273
