,SP500,VIXCLS,GASREGW,CC4WSA,MORTGAGE30US,UMCSENT,CPIAUCSL,UNRATE,RSAFS,DSPIC96,AHETPI,CPIUFDSL,CUSR0000SEHA,HOUST,PSAVERT,TCMDO,M1SL,INDPRO,CSUSHPINSA,PCE,FEDFUNDS,GS10,FMNHSHPSIUS,HPIPONM226S,PERMIT,DGORDER,BUSINV
1990-01-31,2106.15,23.347272727272728,1.218,2334375.0,9.895,93.0,127.5,5.4,159177.0,7187.4,10.02,129.7,135.8,1551.0,7.9,13568.126,795.4,61.6352,76.527,3730.7,8.23,8.21,60.0,100.0,1748.0,114535.0,800927.0
1990-02-28,2106.15,23.262631578947367,1.218,2352937.5,10.1975,89.5,128.0,5.3,159177.0,7203.3,10.07,130.8,136.1,1437.0,8.5,13568.126,798.1,62.1951,76.587,3728.2,8.24,8.47,60.0,100.0,1329.0,114535.0,800927.0
1990-03-31,2106.15,20.062272727272727,1.218,2361850.0,10.268,91.3,128.6,5.2,159177.0,7206.1,10.11,131.0,136.7,1289.0,8.3,13568.126,801.5,62.4916,76.79,3754.9,8.28,8.59,60.0,100.0,1246.0,114535.0,800927.0
1990-04-30,2106.15,21.4035,1.218,2366375.0,10.370000000000001,93.9,128.9,5.4,159177.0,7253.4,10.12,130.8,137.2,1248.0,8.7,13792.566,806.1,62.3511,77.039,3770.0,8.26,8.79,60.0,100.0,1136.0,114535.0,800927.0
1990-05-31,2106.15,18.097727272727273,1.218,2387500.0,10.4775,90.6,129.1,5.4,159177.0,7245.8,10.16,131.1,137.6,1212.0,8.7,13792.566,804.2,62.5353,77.297,3775.8,8.18,8.76,60.0,100.0,1067.0,114535.0,800927.0
1990-06-30,2106.15,16.82238095238095,1.218,2415750.0,10.164,88.3,129.9,5.2,159177.0,7257.3,10.2,132.1,138.2,1177.0,8.6,13792.566,808.8,62.7479,77.505,3804.5,8.29,8.48,60.0,100.0,1108.0,114535.0,800927.0
1990-07-31,2106.15,18.392857142857142,1.218,2460937.5,10.035,88.2,130.5,5.5,159177.0,7283.7,10.22,132.8,138.7,1171.0,8.7,14010.883,810.1,62.6435,77.56,3821.7,8.15,8.47,60.0,100.0,1078.0,114535.0,800927.0
1990-08-31,2106.15,28.175217391304347,1.218,2482312.5,10.1,76.4,131.6,5.7,159177.0,7239.1,10.24,133.2,139.3,1115.0,8.1,14010.883,815.7,62.8704,77.479,3848.3,8.13,8.75,60.0,100.0,1069.0,114535.0,800927.0
1990-09-30,2106.15,29.10736842105263,1.258,2571150.0,10.175,72.8,132.5,5.9,159177.0,7236.8,10.27,133.6,139.7,1110.0,8.1,14010.883,820.2,62.8839,77.22800000000001,3870.1,8.2,8.89,60.0,100.0,976.0,114535.0,800927.0
1990-10-31,2106.15,29.625652173913043,1.3354,2665812.5,10.1775,63.9,133.4,5.9,159177.0,7178.7,10.3,134.1,140.2,1014.0,7.9,14292.014,819.9,62.4973,76.91199999999999,3870.6,8.11,8.72,60.0,100.0,925.0,114535.0,800927.0
1990-11-30,2106.15,24.885714285714286,1.324,2820250.0,10.014,66.0,133.7,6.2,159177.0,7181.9,10.32,134.5,140.5,1145.0,8.0,14292.014,822.1,61.7175,76.38,3871.9,7.81,8.39,60.0,100.0,941.0,114535.0,800927.0
1990-12-31,2106.15,23.363,1.341,2960500.0,9.6725,65.5,134.2,6.3,159177.0,7224.7,10.34,134.6,141.0,969.0,8.8,14292.014,824.7,61.2885,75.971,3861.3,7.31,8.08,60.0,100.0,861.0,114535.0,800927.0
1991-01-31,2106.15,27.429090909090913,1.18,3036062.5,9.6375,66.8,134.7,6.4,159177.0,7205.7,10.37,135.0,141.2,798.0,9.4,14386.543,827.2,61.0842,75.532,3841.0,6.91,8.09,60.0,100.0,786.0,114535.0,800927.0
1991-02-28,2106.15,21.59842105263158,1.0942500000000002,3194437.5,9.365,70.4,134.8,6.6,159177.0,7216.8,10.39,135.1,141.6,965.0,9.0,14386.543,832.6,60.6387,75.249,3866.7,6.25,7.85,60.0,100.39,853.0,114535.0,800927.0
1991-03-31,2106.15,17.74421052631579,1.04,3367100.0,9.5,87.7,134.8,6.8,159177.0,7229.1,10.41,135.3,142.1,921.0,8.1,14386.543,838.7,60.2973,75.13600000000001,3913.0,6.12,8.11,60.0,100.46,911.0,114535.0,800927.0
1991-04-30,2106.15,17.37272727272727,1.0762,3475250.0,9.4925,81.8,135.1,6.7,159177.0,7258.0,10.46,136.1,142.6,1001.0,8.7,14539.492,843.1,60.4524,75.319,3907.1,5.91,8.04,60.0,100.29,916.0,114535.0,800927.0
1991-05-31,2106.15,16.93227272727273,1.12575,3490750.0,9.472,78.3,135.6,6.9,159177.0,7259.5,10.5,136.6,143.0,996.0,8.5,14539.492,848.8,61.0587,75.768,3933.2,5.78,8.07,60.0,100.34,991.0,114535.0,800927.0
1991-06-30,2106.15,17.134999999999998,1.12825,3454400.0,9.615,82.1,136.0,6.9,159177.0,7296.7,10.51,137.4,143.2,1036.0,9.0,14539.492,856.7,61.5514,76.257,3940.5,5.9,8.28,60.0,100.49,964.0,114535.0,800927.0
1991-07-31,2106.15,17.294090909090908,1.0956,3341812.5,9.575,82.9,136.2,6.8,159177.0,7282.0,10.54,136.7,143.7,1063.0,8.4,14740.215,861.6,61.7201,76.516,3966.0,5.82,8.27,60.0,100.5,973.0,114535.0,800927.0
1991-08-31,2106.15,15.681363636363637,1.1147500000000001,3294400.0,9.244,82.0,136.6,6.9,159177.0,7298.3,10.56,136.2,143.7,1049.0,8.7,14740.215,866.8,61.7289,76.593,3969.1,5.66,7.9,60.0,100.32,944.0,114535.0,800927.0
1991-09-30,2106.15,16.9565,1.1092,3292500.0,9.0075,83.0,137.0,6.9,159177.0,7317.7,10.58,136.4,144.4,1015.0,8.9,14740.215,869.7,62.2369,76.578,3984.7,5.45,7.65,60.0,100.59,974.0,114535.0,800927.0
1991-10-31,2106.15,16.36391304347826,1.088,3308437.5,8.855,78.3,137.2,7.0,159177.0,7328.0,10.59,136.2,144.4,1079.0,9.4,15011.194,878.0,62.1718,76.29,3976.0,5.21,7.53,60.0,100.87,991.0,114535.0,800927.0
1991-11-30,2106.15,17.773500000000002,1.099,3308750.0,8.712,69.1,137.8,7.0,159177.0,7338.4,10.61,136.7,144.8,1103.0,9.1,15011.194,887.6,62.0894,76.032,4003.6,4.81,7.42,60.0,101.35,984.0,114535.0,800927.0
1991-12-31,2106.15,18.347619047619048,1.0762,3340375.0,8.497499999999999,68.2,138.2,7.3,159177.0,7403.6,10.64,137.0,145.1,1079.0,9.8,15011.194,897.0,61.806,75.843,4020.5,4.43,7.09,60.0,101.84,1061.0,114535.0,800927.0
1992-01-31,2106.15,17.68318181818182,1.022,3348562.5,8.431999999999999,67.5,138.3,7.3,159177.0,7474.8,10.64,136.6,145.4,1176.0,9.5,15153.355,910.4,61.4823,75.705,4084.7,4.03,7.03,60.0,102.2,1077.0,114535.0,800927.0
1992-02-29,2106.15,17.47736842105263,1.006,3319800.0,8.7625,68.8,138.6,7.4,159189.0,7507.2,10.66,137.1,145.7,1250.0,9.8,15153.355,925.2,61.9192,75.661,4099.5,4.06,7.34,60.0,102.93,1146.0,114535.0,802413.0
1992-03-31,2106.15,17.520454545454545,1.0126,3308750.0,8.935,76.0,139.1,7.4,158647.0,7513.8,10.68,137.6,146.5,1297.0,9.7,15153.355,936.7,62.4403,75.818,4117.0,3.98,7.54,60.0,102.79,1082.0,120025.0,806267.0
1992-04-30,2106.15,16.562857142857144,1.05175,3338437.5,8.8525,77.2,139.4,7.4,159921.0,7535.0,10.72,137.5,146.2,1099.0,9.8,15370.158,943.8,62.9199,76.084,4131.5,3.73,7.48,60.0,102.51,1054.0,124470.0,808718.0
1992-05-31,2106.15,15.077000000000002,1.10725,3345750.0,8.672,79.2,139.7,7.6,160471.0,7570.2,10.74,137.2,146.5,1214.0,9.8,15370.158,950.6,63.1268,76.40100000000001,4158.4,3.82,7.39,60.0,102.54,1056.0,125822.0,808186.0
1992-06-30,2106.15,15.203181818181816,1.1448,3301250.0,8.51,80.4,140.1,7.8,161205.0,7601.6,10.77,137.6,146.7,1145.0,10.0,15370.158,954.3,63.1624,76.605,4177.1,3.76,7.26,60.0,102.47,1057.0,122834.0,813573.0
1992-07-31,2106.15,13.601818181818182,1.1364999999999998,3238062.5,8.128,76.6,140.5,7.7,162855.0,7595.9,10.78,137.4,147.0,1139.0,9.5,15606.973,963.3,63.7348,76.714,4204.8,3.25,6.84,60.0,102.83,1089.0,122590.0,817069.0
1992-08-31,2106.15,14.421904761904763,1.1218,3271300.0,7.975,76.1,140.8,7.6,162412.0,7622.6,10.81,138.4,147.0,1226.0,9.6,15606.973,973.7,63.3802,76.734,4220.9,3.3,6.59,60.0,103.26,1075.0,120411.0,819296.0
1992-09-30,2106.15,13.696666666666667,1.1215000000000002,3196625.0,7.922499999999999,75.6,141.1,7.6,164361.0,7586.9,10.83,138.9,147.1,1186.0,8.6,15606.973,988.0,63.5834,76.631,4255.3,3.22,6.42,60.0,103.67,1114.0,120711.0,820056.0
1992-10-31,2106.15,17.63681818181818,1.1139999999999999,3117650.0,8.088,73.3,141.7,7.3,166063.0,7537.9,10.85,138.9,147.9,1244.0,7.9,15830.689,1003.7,64.0178,76.601,4284.7,3.1,6.59,60.0,103.97,1132.0,127392.0,820439.0
1992-11-30,2106.15,14.4245,1.1112000000000002,2987812.5,8.305,85.3,142.1,7.4,166124.0,7549.3,10.86,138.7,148.4,1214.0,7.9,15830.689,1015.7,64.2628,76.583,4300.5,3.09,6.87,60.0,104.23,1118.0,122374.0,822786.0
1992-12-31,2106.15,12.191363636363635,1.0775000000000001,2871250.0,8.206,91.0,142.3,7.4,167691.0,7818.6,10.9,138.8,148.5,1227.0,10.5,15830.689,1024.9,64.3599,76.468,4336.4,2.92,6.77,60.0,104.16,1176.0,126080.0,828308.0
1993-01-31,2106.15,12.409,1.06175,2740750.0,7.9925,89.3,142.8,7.3,169500.0,7648.1,10.93,139.1,148.9,1210.0,8.5,16010.598,1030.4,64.6135,76.399,4340.7,3.02,6.6,60.0,104.22,1177.0,121637.0,828939.0
1993-02-28,2106.15,13.72157894736842,1.05425,2662062.5,7.6825,86.6,143.1,7.1,168840.0,7684.5,10.95,139.6,149.1,1210.0,8.8,16010.598,1033.5,64.9262,76.331,4355.3,3.03,6.26,60.0,104.01,1148.0,128854.0,830856.0
1993-03-31,2106.15,13.60608695652174,1.0522,2663375.0,7.495,85.9,143.3,7.0,167682.0,7660.8,10.99,139.6,149.1,1083.0,8.8,16010.598,1038.4,64.8627,76.38600000000001,4352.5,3.07,5.98,60.0,104.32,1056.0,126762.0,837436.0
1993-04-30,2106.15,12.840952380952379,1.078,2743250.0,7.4719999999999995,85.6,143.8,7.1,172102.0,7700.6,10.99,140.0,149.7,1258.0,8.7,16295.875,1047.6,65.0423,76.663,4393.4,2.96,5.97,60.0,104.97,1104.0,127395.0,839070.0
1993-05-31,2106.15,13.606,1.1004,2785500.0,7.465,80.3,144.2,7.1,172960.0,7689.4,11.01,141.0,150.0,1260.0,8.2,16295.875,1065.9,64.8006,77.033,4422.4,3.0,6.04,60.0,105.2,1112.0,126529.0,839878.0
1993-06-30,2106.15,12.524090909090908,1.09725,2801000.0,7.4175,81.5,144.3,7.0,173018.0,7675.1,11.03,140.6,150.4,1280.0,7.7,16295.875,1075.1,64.9476,77.51899999999999,4440.0,3.04,5.96,60.0,105.57,1130.0,130212.0,841644.0
1993-07-31,2106.15,11.50047619047619,1.07775,2777300.0,7.206,77.0,144.5,6.9,175822.0,7694.3,11.05,140.6,150.4,1254.0,7.5,16624.026,1084.6,65.1142,77.889,4468.9,3.06,5.81,60.0,105.62,1174.0,128111.0,841559.0
1993-08-31,2106.15,11.928636363636365,1.0615999999999999,2809750.0,7.1125,77.3,144.8,6.8,175233.0,7705.4,11.07,141.1,150.8,1300.0,7.6,16624.026,1094.2,65.0421,78.135,4481.1,3.03,5.68,60.0,106.02,1230.0,129378.0,843399.0
1993-09-30,2106.15,12.931428571428572,1.0494999999999999,2809312.5,6.915,77.9,145.0,6.7,176608.0,7684.4,11.09,141.4,151.0,1343.0,6.8,16624.026,1104.2,65.3749,78.202,4511.5,3.09,5.36,60.0,106.41,1251.0,127233.0,846941.0
1993-10-31,2106.15,11.875238095238094,1.09175,2828200.0,6.8340000000000005,82.7,145.6,6.8,177588.0,7646.9,11.13,142.0,151.3,1392.0,6.2,17005.512,1113.1,65.863,78.176,4532.8,2.99,5.33,60.0,106.61,1287.0,133168.0,848063.0
1993-11-30,2106.15,14.083809523809524,1.0664,2817062.5,7.155,81.2,146.0,6.6,179758.0,7668.1,11.15,142.3,151.5,1376.0,6.2,17005.512,1124.1,66.1696,78.17399999999999,4554.1,3.02,5.72,60.0,106.95,1357.0,130391.0,851485.0
1993-12-31,2106.15,11.356363636363637,1.014,2779250.0,7.172,88.2,146.3,6.5,181077.0,7929.4,11.18,142.8,151.9,1533.0,9.0,17005.512,1129.6,66.5531,78.117,4571.1,2.96,5.77,60.0,107.47,1461.0,133565.0,855017.0
1994-01-31,2106.15,11.29047619047619,0.9984,2705550.0,7.0600000000000005,94.3,146.3,6.6,179615.0,7780.4,11.2,142.9,152.2,1272.0,7.0,17254.989,1131.6,66.7591,78.202,4585.1,3.05,5.75,60.0,107.75,1390.0,138498.0,855511.0
1994-02-28,2106.15,13.64421052631579,1.009,2780000.0,7.1525,93.2,146.7,6.6,183101.0,7795.0,11.25,142.7,152.7,1337.0,6.4,17254.989,1136.3,66.8019,78.208,4632.6,3.25,5.97,60.0,107.93,1269.0,137141.0,860111.0
1994-03-31,2106.15,15.223478260869564,1.00775,2775937.5,7.675,91.5,147.1,6.5,186721.0,7820.5,11.25,142.7,153.2,1564.0,6.7,17254.989,1140.1,67.4704,78.352,4646.0,3.34,6.48,60.0,108.32,1342.0,136548.0,860830.0
1994-04-30,2106.15,16.471052631578946,1.02725,2736200.0,8.315999999999999,92.6,147.2,6.4,186423.0,7820.4,11.27,143.0,153.3,1465.0,6.3,17491.526,1141.1,67.8707,78.704,4671.1,3.56,6.97,60.0,108.61,1392.0,140336.0,864378.0
1994-05-31,2106.15,13.897142857142857,1.0474,2747000.0,8.5975,92.8,147.5,6.1,185616.0,7910.6,11.29,143.3,153.4,1526.0,7.5,17491.526,1143.3,68.187,79.212,4669.5,4.01,7.18,60.0,108.98,1396.0,142630.0,875122.0
1994-06-30,2106.15,13.408636363636363,1.0779999999999998,2738312.5,8.3975,91.2,147.9,6.1,187800.0,7898.1,11.31,143.8,153.5,1409.0,6.8,17491.526,1145.2,68.645,79.704,4708.9,4.25,7.1,60.0,109.18,1357.0,145063.0,880413.0
1994-07-31,2106.15,12.4845,1.10575,2677300.0,8.614,89.0,148.4,6.1,188062.0,7905.0,11.34,144.6,154.0,1439.0,6.9,17765.109,1150.7,68.7317,80.066,4720.6,4.26,7.3,60.0,109.3,1335.0,145013.0,886897.0
1994-08-31,2106.15,11.889130434782608,1.1548,2644812.5,8.5125,91.7,149.0,6.0,190771.0,7914.4,11.36,145.1,154.5,1450.0,6.4,17765.109,1150.6,69.1882,80.319,4762.6,4.47,7.24,60.0,109.59,1377.0,145884.0,893918.0
1994-09-30,2106.15,13.233333333333333,1.1437499999999998,2641062.5,8.64,91.5,149.3,5.9,192585.0,7949.0,11.39,145.3,155.0,1474.0,6.7,17765.109,1151.9,69.3935,80.343,4775.0,4.73,7.46,60.0,109.65,1412.0,145487.0,899042.0
1994-10-31,2106.15,15.245238095238093,1.1136000000000001,2592600.0,8.925,92.7,149.4,5.8,193914.0,8024.4,11.42,145.3,155.1,1450.0,7.0,18158.311,1150.2,69.9576,80.307,4812.9,4.76,7.74,60.0,109.91,1397.0,149547.0,905590.0
1994-11-30,2106.15,16.383809523809525,1.11575,2542000.0,9.17,91.6,149.8,5.6,194425.0,8023.9,11.45,145.6,155.5,1511.0,6.9,18158.311,1150.9,70.4288,80.173,4825.6,5.29,7.96,60.0,110.11,1340.0,150038.0,911254.0
1994-12-31,2106.15,14.177142857142858,1.0905,2528600.0,9.198,95.1,150.1,5.5,194939.0,8060.2,11.48,146.8,155.7,1455.0,7.0,18158.311,1150.7,71.1273,80.082,4841.6,5.45,7.81,60.0,110.15,1396.0,152489.0,918423.0
1995-01-31,2106.15,12.274285714285714,1.0817999999999999,2517937.5,9.1475,97.6,150.5,5.6,195908.0,8086.0,11.48,146.7,156.1,1407.0,7.3,18391.685,1151.4,71.2635,80.03,4851.2,5.53,7.78,60.0,110.44,1282.0,150459.0,927523.0
1995-02-28,2106.15,11.47,1.0725,2516562.5,8.8275,95.1,150.9,5.4,193068.0,8102.0,11.52,147.3,156.3,1316.0,7.7,18391.685,1147.4,71.1758,79.995,4850.8,5.92,7.47,60.0,111.05,1254.0,153856.0,934668.0
1995-03-31,2106.15,12.166521739130435,1.072,2532250.0,8.462,90.3,151.2,5.4,195179.0,8124.2,11.55,147.1,156.6,1249.0,7.4,18391.685,1146.7,71.2796,80.081,4885.4,5.98,7.2,60.0,110.88,1226.0,152888.0,942766.0
1995-04-30,2106.15,12.442631578947369,1.11125,2515400.0,8.32,92.5,151.8,5.8,195310.0,8064.0,11.56,148.1,157.0,1267.0,6.8,18720.188,1149.3,71.1538,80.373,4890.2,6.05,7.06,60.0,111.16,1259.0,151401.0,951521.0
1995-05-31,2106.15,12.265909090909092,1.1784000000000001,2556687.5,7.955,89.8,152.1,5.6,198060.0,8145.6,11.59,148.2,157.3,1314.0,7.0,18720.188,1145.3,71.4997,80.694,4933.1,6.01,6.63,60.0,111.3,1271.0,152838.0,957122.0
1995-06-30,2106.15,11.896818181818183,1.1915,2600187.5,7.566,92.7,152.4,5.6,200383.0,8169.8,11.63,148.3,157.6,1281.0,6.5,18720.188,1144.2,71.7327,81.072,4977.5,6.0,6.17,60.0,111.67,1305.0,150051.0,960494.0
1995-07-31,2106.15,12.514,1.1538,2622000.0,7.6075,94.4,152.6,5.7,199110.0,8187.8,11.67,148.5,158.0,1461.0,6.9,19021.252,1145.5,71.4334,81.415,4970.2,5.85,6.28,60.0,112.19,1354.0,148915.0,964875.0
1995-08-31,2106.15,12.798260869565217,1.12325,2605375.0,7.86,96.2,152.9,5.7,201078.0,8193.0,11.69,148.6,158.2,1416.0,6.6,19021.252,1145.4,72.3723,81.657,5005.3,5.74,6.49,60.0,112.48,1386.0,154372.0,967283.0
1995-09-30,2106.15,12.057,1.11075,2623950.0,7.636,88.9,153.1,5.6,201337.0,8219.4,11.73,149.1,158.5,1369.0,6.6,19021.252,1142.0,72.6543,81.741,5020.5,5.8,6.2,60.0,112.71,1421.0,160175.0,971442.0
1995-10-31,2106.15,14.357272727272727,1.0872,2646937.5,7.475,90.2,153.5,5.5,200597.0,8228.4,11.75,149.5,158.8,1369.0,7.0,19448.45,1137.3,72.5336,81.73,5013.9,5.76,6.04,60.0,112.79,1400.0,155473.0,975989.0
1995-11-30,2106.15,12.46904761904762,1.06225,2664125.0,7.3774999999999995,88.2,153.7,5.6,203545.0,8250.5,11.78,149.6,159.2,1452.0,6.4,19448.45,1134.1,72.717,81.634,5055.6,5.8,5.93,60.0,113.01,1430.0,156146.0,977882.0
1995-12-31,2106.15,11.7485,1.07125,2640950.0,7.2,91.0,153.9,5.6,204032.0,8261.3,11.81,149.9,159.6,1431.0,6.0,19448.45,1127.5,72.9638,81.516,5097.5,5.6,5.71,60.0,113.49,1442.0,163279.0,977873.0
1996-01-31,2106.15,13.473636363636365,1.0904,2618875.0,7.029999999999999,89.3,154.7,5.6,203793.0,8272.1,11.86,150.4,159.9,1467.0,6.5,19763.96,1123.5,72.5712,81.431,5085.7,5.56,5.65,60.0,113.91,1387.0,155806.0,982240.0
1996-02-29,2106.15,15.032999999999998,1.08925,2692875.0,7.075,88.5,155.0,5.5,206875.0,8335.8,11.87,150.8,160.3,1491.0,6.6,19763.96,1118.5,73.6207,81.403,5132.8,5.22,5.81,60.0,114.06,1420.0,150773.0,982477.0
1996-03-31,2106.15,17.76238095238095,1.137,2677350.0,7.624,93.7,155.5,5.5,207650.0,8362.4,11.89,151.4,160.6,1424.0,6.4,19763.96,1122.6,73.5141,81.669,5173.3,5.31,6.27,60.0,114.48,1437.0,164976.0,981668.0
1996-04-30,2106.15,16.575238095238095,1.2306,2661875.0,7.925000000000001,92.7,156.1,5.6,209294.0,8311.8,11.96,152.0,160.9,1516.0,5.5,20108.121,1124.8,74.2491,82.12799999999999,5208.0,5.22,6.51,60.0,114.71,1463.0,156830.0,983745.0
1996-05-31,2106.15,16.14636363636364,1.278,2603000.0,8.07,89.4,156.4,5.6,211157.0,8416.8,11.98,151.9,161.3,1504.0,6.5,20108.121,1116.5,74.8142,82.605,5223.8,5.24,6.74,60.0,114.97,1457.0,164502.0,984605.0
1996-06-30,2106.15,16.395,1.2585,2557800.0,8.32,92.4,156.7,5.3,209474.0,8467.1,12.03,152.9,161.8,1467.0,6.9,20108.121,1115.2,75.3726,83.052,5229.8,5.27,6.91,60.0,115.08,1429.0,164599.0,985451.0
1996-07-31,2106.15,17.978636363636365,1.2276,2517062.5,8.245000000000001,94.7,157.0,5.5,210827.0,8444.0,12.05,153.4,162.3,1472.0,6.5,20424.877,1112.4,75.3738,83.42200000000001,5251.9,5.4,6.87,60.0,115.47,1450.0,163588.0,989198.0
1996-08-31,2106.15,15.760454545454547,1.206,2487700.0,8.001999999999999,95.3,157.2,5.1,210846.0,8464.7,12.1,153.9,162.5,1557.0,6.4,20424.877,1101.6,75.7557,83.649,5275.0,5.22,6.64,60.0,115.5,1413.0,157310.0,991497.0
1996-09-30,2106.15,16.578,1.2024000000000001,2481625.0,8.23,94.7,157.7,5.2,213233.0,8483.9,12.13,154.6,162.9,1475.0,6.4,20424.877,1096.2,76.2302,83.705,5296.6,5.3,6.83,60.0,115.79,1392.0,165442.0,992465.0
1996-10-31,2106.15,16.38173913043478,1.204,2469562.5,7.915,96.5,158.2,5.2,215526.0,8482.7,12.16,155.5,163.2,1392.0,6.1,20866.405,1085.7,76.2157,83.632,5328.5,5.24,6.53,60.0,115.89,1358.0,165266.0,995369.0
1996-11-30,2106.15,15.997,1.23225,2441400.0,7.618,99.2,158.7,5.4,215167.0,8505.1,12.2,156.1,163.6,1489.0,6.2,20866.405,1083.5,76.8973,83.559,5351.2,5.31,6.2,60.0,116.2,1412.0,170783.0,995666.0
1996-12-31,2106.15,19.260952380952382,1.2352,2457687.5,7.5975,96.9,159.1,5.4,215690.0,8533.1,12.24,156.3,163.9,1370.0,6.1,20866.405,1081.3,77.3772,83.493,5378.6,5.29,6.3,60.0,116.6,1411.0,162332.0,996068.0
1997-01-31,2106.15,19.473333333333333,1.23625,2497125.0,7.824,97.4,159.4,5.3,218124.0,8556.4,12.29,155.9,164.3,1355.0,5.9,21107.274,1081.2,77.5135,83.53299999999999,5411.1,5.25,6.58,60.0,116.73,1382.0,161827.0,998368.0
1997-02-28,2106.15,20.139473684210525,1.23,2435312.5,7.65,99.7,159.7,5.2,219587.0,8579.2,12.31,156.5,164.7,1486.0,6.0,21107.274,1078.8,78.4255,83.59899999999999,5434.0,5.19,6.42,60.0,117.02,1445.0,170221.0,1001215.0
1997-03-31,2106.15,20.169999999999998,1.205,2373150.0,7.8975,100.0,159.8,5.2,221189.0,8619.0,12.35,156.6,165.1,1457.0,6.1,21107.274,1072.5,78.9197,83.913,5454.2,5.39,6.69,60.0,117.47,1436.0,167568.0,1002074.0
1997-04-30,2106.15,19.662272727272725,1.199,2329562.5,8.1425,101.4,159.9,5.1,217925.0,8624.5,12.39,156.5,165.6,1492.0,6.2,21455.207,1063.9,78.9848,84.323,5459.3,5.51,6.89,60.0,117.69,1421.0,174054.0,1005762.0
1997-05-31,2106.15,19.924761904761905,1.20025,2310350.0,7.944,103.2,159.9,4.9,217771.0,8661.9,12.43,156.6,166.0,1442.0,6.5,21455.207,1063.8,79.4296,84.867,5460.2,5.5,6.71,60.0,118.14,1414.0,168586.0,1009674.0
1997-06-30,2106.15,20.194285714285712,1.1976,2286750.0,7.6899999999999995,104.5,160.2,5.0,220233.0,8689.7,12.46,156.9,166.5,1494.0,6.3,21455.207,1066.1,79.7971,85.40100000000001,5494.2,5.56,6.49,60.0,118.19,1402.0,174828.0,1016262.0
1997-07-31,2106.15,20.529090909090908,1.17425,2288875.0,7.4975,107.1,160.4,4.9,222985.0,8723.1,12.5,157.2,166.9,1437.0,5.8,21843.966,1065.5,80.4666,85.845,5548.8,5.52,6.22,60.0,118.48,1440.0,178860.0,1017717.0
1997-08-31,2106.15,23.084761904761905,1.2235,2265750.0,7.4799999999999995,104.4,160.8,4.8,223120.0,8768.6,12.57,157.7,167.3,1390.0,5.7,21843.966,1075.3,81.2825,86.155,5587.0,5.54,6.3,60.0,118.96,1449.0,177302.0,1019904.0
1997-09-30,2106.15,23.812380952380952,1.2314,2255187.5,7.43,106.0,161.2,4.9,224509.0,8791.5,12.6,158.0,167.8,1546.0,5.9,21843.966,1066.9,82.0327,86.315,5601.7,5.54,6.21,60.0,119.11,1494.0,177835.0,1025683.0
1997-10-31,2106.15,23.87086956521739,1.19675,2223000.0,7.294,105.6,161.5,4.7,224300.0,8834.8,12.66,158.3,168.2,1520.0,5.9,22365.883,1065.6,82.7656,86.412,5637.7,5.5,6.03,60.0,119.72,1499.0,177801.0,1028924.0
1997-11-30,2106.15,32.20611111111111,1.17075,2209700.0,7.205,107.2,161.7,4.6,223718.0,8892.2,12.71,158.6,168.6,1510.0,6.1,22365.883,1070.9,83.427,86.63600000000001,5661.1,5.52,5.88,60.0,120.07,1469.0,191187.0,1031740.0
1997-12-31,2106.15,26.276363636363637,1.1314,2228062.5,7.095000000000001,102.1,161.8,4.7,225236.0,8944.3,12.75,158.7,169.0,1566.0,6.1,22365.883,1072.3,83.784,86.852,5692.1,5.5,5.81,60.0,120.48,1456.0,173770.0,1036516.0
1998-01-31,2106.15,23.8665,1.0862500000000002,2279750.0,6.994,106.6,162.0,4.6,225954.0,9022.9,12.79,159.5,169.4,1525.0,7.0,22860.425,1074.0,84.1564,87.16799999999999,5689.9,5.56,5.54,60.0,120.95,1555.0,174288.0,1039703.0
1998-02-28,2106.15,19.998947368421053,1.049,2231812.5,7.0425,110.4,162.0,4.6,225746.0,9081.2,12.83,159.4,169.8,1584.0,7.0,22860.425,1077.8,84.3066,87.37799999999999,5723.8,5.51,5.57,60.0,121.82,1647.0,181270.0,1046174.0
1998-03-31,2106.15,20.158636363636365,1.0168,2217625.0,7.1275,106.5,162.0,4.7,226889.0,9134.4,12.87,159.7,170.3,1567.0,7.1,22860.425,1076.9,84.342,87.882,5750.3,5.49,5.65,60.0,122.2,1605.0,176886.0,1051280.0
1998-04-30,2106.15,22.02857142857143,1.03025,2198625.0,7.140000000000001,108.7,162.2,4.3,230409.0,9164.1,12.92,159.7,170.8,1540.0,6.9,23428.595,1076.5,84.6339,88.56200000000001,5788.1,5.45,5.64,60.0,122.73,1547.0,180915.0,1053018.0
1998-05-31,2106.15,20.874000000000002,1.0635,2147300.0,7.144,106.5,162.6,4.4,230995.0,9202.0,12.97,160.3,171.3,1536.0,6.6,23428.595,1079.1,85.1867,89.37799999999999,5837.9,5.49,5.65,60.0,123.23,1554.0,180634.0,1053282.0
1998-06-30,2106.15,21.66272727272727,1.0644,2159562.5,6.9975000000000005,105.6,162.8,4.5,233207.0,9254.2,12.99,160.2,171.8,1641.0,6.5,23428.595,1076.3,84.6809,90.198,5871.7,5.56,5.5,60.0,124.0,1551.0,172189.0,1053235.0
1998-07-31,2106.15,19.930000000000003,1.05525,2305562.5,6.952,105.2,163.2,4.5,231551.0,9270.0,13.0,160.6,172.3,1698.0,6.6,23919.521,1075.1,84.3445,90.86200000000001,5890.0,5.54,5.46,60.0,124.35,1610.0,170459.0,1054725.0
1998-08-31,2106.15,31.58809523809524,1.026,2287100.0,6.9225,104.4,163.4,4.5,229792.0,9299.3,13.07,161.0,172.9,1614.0,6.5,23919.521,1075.9,86.0816,91.41,5925.0,5.55,5.34,60.0,124.87,1654.0,179033.0,1057965.0
1998-09-30,2106.15,38.2047619047619,1.00925,2171625.0,6.7225,100.9,163.5,4.6,232308.0,9325.5,13.11,161.1,173.4,1582.0,6.1,23919.521,1079.9,86.0023,91.755,5965.6,5.51,4.81,60.0,125.68,1577.0,181422.0,1061883.0
1998-10-31,2106.15,36.60818181818182,1.0187499999999998,2157900.0,6.709999999999999,97.4,163.9,4.5,236174.0,9337.5,13.14,162.0,173.9,1715.0,5.9,24579.119,1086.0,86.591,92.00200000000001,5998.8,5.07,4.53,60.0,126.2,1719.0,178527.0,1064717.0
1998-11-30,2106.15,26.223000000000003,0.9954000000000001,2184562.5,6.865,102.7,164.1,4.4,237592.0,9374.6,13.17,162.2,174.4,1660.0,6.0,24579.119,1094.9,86.5115,92.2,6015.4,4.83,4.83,60.0,127.04,1672.0,182400.0,1068824.0
1998-12-31,2106.15,25.479090909090907,0.945,2217375.0,6.7379999999999995,100.5,164.4,4.4,240140.0,9391.7,13.21,162.4,174.8,1792.0,5.5,24579.119,1095.0,86.8615,92.447,6070.5,4.68,4.65,60.0,127.61,1742.0,178424.0,1067789.0
1999-01-31,2106.15,28.035263157894736,0.9390000000000001,2272900.0,6.785,103.9,164.7,4.3,240269.0,9444.1,13.27,163.0,175.2,1748.0,6.1,25127.336,1098.1,87.2205,92.71700000000001,6073.9,4.63,4.72,60.0,128.31,1732.0,186527.0,1069505.0
1999-02-28,2106.15,28.82263157894737,0.9205000000000001,2255937.5,6.8075,108.1,164.7,4.4,243346.0,9476.2,13.3,163.3,175.5,1670.0,6.0,25127.336,1096.7,87.726,92.984,6099.2,4.76,5.0,60.0,128.86,1720.0,185546.0,1074548.0
1999-03-31,2106.15,25.309565217391306,0.982,2232312.5,7.04,105.7,164.8,4.2,244687.0,9484.1,13.34,163.3,175.9,1710.0,5.6,25127.336,1096.6,87.9125,93.615,6133.0,4.81,5.23,60.0,129.41,1665.0,184689.0,1080973.0
1999-04-30,2106.15,23.478571428571428,1.131,2238312.5,6.9159999999999995,104.6,165.9,4.3,246628.0,9453.0,13.38,163.5,176.4,1553.0,4.7,25568.457,1101.6,88.1082,94.44,6199.5,4.74,5.18,60.0,130.03,1600.0,182993.0,1083056.0
1999-05-31,2106.15,26.204500000000003,1.1305999999999998,2216150.0,7.145,106.8,166.0,4.2,248367.0,9469.3,13.42,163.8,176.8,1611.0,4.4,25568.457,1103.8,88.6483,95.365,6232.1,4.74,5.54,60.0,130.81,1640.0,185963.0,1087471.0
1999-06-30,2106.15,23.626363636363635,1.1142500000000002,2200937.5,7.55,107.3,166.0,4.3,249329.0,9501.3,13.47,163.7,177.2,1559.0,4.3,25568.457,1099.8,88.5903,96.368,6260.3,4.76,5.9,60.0,131.39,1702.0,182590.0,1089647.0
1999-07-31,2106.15,21.04904761904762,1.1575,2192600.0,7.632,106.0,166.7,4.3,251263.0,9519.0,13.51,163.9,177.6,1669.0,4.4,26213.386,1099.1,89.1098,97.196,6287.6,4.99,5.79,60.0,132.13,1682.0,189083.0,1095243.0
1999-08-31,2106.15,24.323636363636364,1.2208,2184875.0,7.9425,104.5,167.1,4.2,253844.0,9559.1,13.53,164.2,178.0,1648.0,4.3,26213.386,1099.2,89.5007,97.90100000000001,6331.9,5.07,5.94,60.0,132.95,1671.0,189414.0,1097204.0
1999-09-30,2106.15,24.541428571428572,1.2555,2166562.5,7.8225,107.2,167.8,4.2,255029.0,9546.7,13.61,164.6,178.5,1635.0,3.7,26213.386,1096.5,89.1304,98.40299999999999,6386.5,5.22,5.92,60.0,133.34,1551.0,188910.0,1102608.0
1999-10-31,2106.15,24.021428571428572,1.24425,2125650.0,7.851999999999999,103.2,168.1,4.1,254816.0,9598.7,13.64,165.0,178.8,1608.0,4.0,26833.034,1103.3,90.2709,98.836,6411.4,5.2,6.11,60.0,134.12,1649.0,194547.0,1108174.0
1999-11-30,2106.15,21.81809523809524,1.2513999999999998,2083812.5,7.7375,107.2,168.4,4.1,258133.0,9660.9,13.66,165.3,179.7,1648.0,4.1,26833.034,1110.7,90.7528,99.152,6448.7,5.42,6.03,60.0,134.66,1672.0,186597.0,1119418.0
1999-12-31,2106.15,22.15909090909091,1.2725,2092812.5,7.912000000000001,105.4,168.8,4.0,263311.0,9735.9,13.7,165.5,180.1,1708.0,3.7,26833.034,1122.2,91.4784,99.546,6541.0,5.3,6.28,60.0,135.34,1683.0,196344.0,1127309.0
2000-01-31,2106.15,23.202,1.2888,2104450.0,8.21,112.0,169.3,4.0,261545.0,9799.9,13.74,165.6,180.9,1636.0,4.5,27302.047,1122.1,91.4092,100.0,6542.9,5.45,6.66,60.0,136.9,1727.0,201360.0,1132064.0
2000-02-29,2106.15,23.5955,1.377,2138312.5,8.325,111.3,170.0,4.1,265686.0,9837.9,13.8,166.2,181.3,1737.0,4.0,27302.047,1108.6,91.7245,100.571,6625.3,5.73,6.52,60.0,136.78,1692.0,183911.0,1137448.0
2000-03-31,2106.15,22.718260869565217,1.5162499999999999,2108437.5,8.24,107.1,171.0,4.0,269019.0,9864.0,13.85,166.5,181.9,1604.0,3.8,27302.047,1107.5,92.083,101.46600000000001,6686.5,5.85,6.26,60.0,137.8,1651.0,192130.0,1140635.0
2000-04-30,2106.15,27.164210526315788,1.46475,2030000.0,8.1525,109.2,170.9,3.8,264067.0,9913.7,13.89,166.7,182.3,1626.0,4.3,27635.258,1115.6,92.6659,102.54,6679.1,6.02,5.99,60.0,138.76,1597.0,195044.0,1149333.0
2000-05-31,2106.15,26.37318181818182,1.4868000000000001,2000375.0,8.515,110.7,171.2,4.0,265992.0,9954.5,13.94,167.3,182.8,1575.0,4.3,27635.258,1104.9,92.9347,103.70200000000001,6709.7,6.27,6.44,60.0,139.31,1543.0,188606.0,1154797.0
2000-06-30,2106.15,21.54,1.6332499999999999,2011875.0,8.288,106.4,172.2,4.0,267750.0,9982.3,13.98,167.4,183.4,1559.0,4.3,27635.258,1102.6,93.0018,104.85600000000001,6746.9,6.53,6.1,60.0,140.26,1572.0,219745.0,1164325.0
2000-07-31,2106.15,19.893,1.551,2069800.0,8.1475,108.3,172.7,4.0,265683.0,10035.9,14.02,168.3,184.1,1463.0,4.7,28066.835,1103.5,92.8373,105.723,6768.5,6.54,6.05,60.0,140.99,1542.0,189265.0,1166841.0
2000-08-31,2106.15,18.088695652173914,1.4645000000000001,2102312.5,8.0275,107.3,172.7,4.1,266885.0,10098.3,14.07,168.7,184.8,1541.0,4.8,28066.835,1100.2,92.591,106.523,6802.8,6.5,5.83,60.0,141.56,1552.0,188730.0,1173925.0
2000-09-30,2106.15,19.6875,1.5502500000000001,2130300.0,7.912000000000001,106.8,173.6,3.9,270523.0,10110.3,14.12,168.9,185.4,1507.0,4.1,28066.835,1099.7,92.9827,107.137,6888.6,6.52,5.8,60.0,142.4,1570.0,199947.0,1174332.0
2000-10-31,2106.15,25.2,1.5322,2108500.0,7.795,105.8,173.9,3.9,270339.0,10139.2,14.17,169.0,186.1,1549.0,4.3,28630.088,1098.7,92.64,107.73,6893.8,6.51,5.74,60.0,143.2,1577.0,186158.0,1181347.0
2000-11-30,2106.15,26.38285714285714,1.51725,2152625.0,7.745,107.6,174.2,3.9,268850.0,10143.5,14.23,169.2,186.7,1551.0,4.3,28630.088,1092.4,92.6604,108.292,6909.8,6.51,5.72,60.0,144.08,1614.0,189392.0,1187280.0
2000-12-31,2106.15,26.5305,1.44275,2279800.0,7.382,98.4,174.6,3.9,268338.0,10164.3,14.29,170.0,187.4,1532.0,4.1,28630.088,1088.6,92.3457,108.79299999999999,6952.2,6.4,5.24,60.0,144.95,1543.0,188659.0,1187650.0
2001-01-31,2106.15,24.918571428571425,1.4472,2371437.5,7.0325,94.7,175.6,4.2,272881.0,10211.7,14.29,170.3,188.0,1600.0,4.5,29018.83,1096.7,91.8908,109.215,6987.4,5.98,5.16,60.0,145.88,1699.0,177056.0,1189079.0
2001-02-28,2106.15,23.411578947368422,1.44975,2457750.0,7.05,90.6,176.0,4.2,272627.0,10223.4,14.36,171.2,188.7,1625.0,4.6,29018.83,1101.2,91.2851,109.64299999999999,7001.8,5.49,5.1,60.0,146.87,1656.0,180276.0,1182045.0
2001-03-31,2106.15,28.49681818181818,1.40925,2552700.0,6.952,91.5,176.1,4.3,269820.0,10254.4,14.42,171.7,189.5,1590.0,4.9,29018.83,1108.9,91.0585,110.39399999999999,6996.7,5.31,4.89,60.0,147.64,1659.0,182209.0,1176840.0
2001-04-30,2106.15,28.133999999999997,1.5516,2649687.5,7.0775,88.4,176.4,4.4,274410.0,10233.1,14.44,172.1,190.2,1649.0,4.8,29438.859,1116.7,90.7384,111.24700000000001,7004.2,4.8,5.14,60.0,148.51,1666.0,171850.0,1175468.0
2001-05-31,2106.15,22.944090909090907,1.70175,2768250.0,7.145,92.0,177.3,4.3,275769.0,10214.7,14.5,172.4,191.1,1605.0,4.3,29438.859,1118.5,90.2607,112.20200000000001,7052.8,4.21,5.39,60.0,149.13,1665.0,177749.0,1172056.0
2001-06-30,2106.15,20.94047619047619,1.61625,2920200.0,7.159999999999999,92.6,177.7,4.5,274474.0,10218.1,14.54,173.1,191.8,1636.0,4.2,29438.859,1126.2,89.7811,113.273,7069.7,3.97,5.28,60.0,149.87,1626.0,176350.0,1163409.0
2001-07-31,2106.15,22.316190476190474,1.4205999999999999,3006562.5,7.1275,92.4,177.4,4.6,273098.0,10370.7,14.55,173.6,192.5,1670.0,5.4,30167.313,1138.9,89.2352,114.228,7082.3,3.77,5.24,60.0,150.68,1598.0,170129.0,1154938.0
2001-08-31,2106.15,21.86173913043478,1.42075,3076687.5,6.95,91.5,177.4,4.9,275659.0,10543.1,14.6,174.0,193.2,1567.0,6.5,30167.313,1150.2,89.157,114.98899999999999,7121.7,3.65,4.97,60.0,151.42,1615.0,170484.0,1152830.0
2001-09-30,2106.15,35.065333333333335,1.5215,3205550.0,6.8175,81.8,178.1,5.0,268652.0,10452.8,14.62,174.2,194.0,1562.0,6.9,30167.313,1205.7,88.6749,115.465,7007.0,3.07,4.73,60.0,152.24,1565.0,164123.0,1148106.0
2001-10-31,2106.15,32.72130434782609,1.3154,3436125.0,6.6175,82.7,177.6,5.3,288632.0,10267.7,14.66,174.8,194.7,1540.0,2.9,30738.403,1165.7,88.4051,115.681,7212.9,2.49,4.57,60.0,153.14,1566.0,171530.0,1130032.0
2001-11-30,2106.15,26.63095238095238,1.1705,3622062.5,6.6579999999999995,83.9,177.5,5.5,280033.0,10279.7,14.72,174.9,195.4,1602.0,3.4,30738.403,1171.0,87.886,115.837,7182.3,2.09,4.65,60.0,153.66,1651.0,163811.0,1116528.0
2001-12-31,2106.15,23.72,1.0859999999999999,3626650.0,7.0649999999999995,88.8,177.4,5.7,276302.0,10298.9,14.74,174.7,196.2,1568.0,3.7,30738.403,1183.2,87.8518,116.054,7166.7,1.82,5.09,60.0,154.61,1680.0,165304.0,1109842.0
2002-01-31,2106.15,22.252857142857142,1.10725,3547562.5,6.9975,93.0,177.7,5.7,277135.0,10514.7,14.76,175.3,196.8,1698.0,5.6,31165.144,1190.7,88.4634,116.436,7184.6,1.73,5.04,60.0,155.49,1665.0,163324.0,1107925.0
2002-02-28,2106.15,22.87578947368421,1.11375,3551250.0,6.8925,90.7,178.0,5.7,278869.0,10531.6,14.78,175.7,197.5,1829.0,5.4,31165.144,1190.6,88.4578,116.916,7225.2,1.74,4.91,60.0,156.41,1787.0,172406.0,1101887.0
2002-03-31,2106.15,18.985,1.24925,3579350.0,7.014,95.7,178.5,5.7,278079.0,10539.0,14.83,176.1,198.1,1642.0,5.5,31165.144,1193.3,89.1265,117.93,7243.4,1.73,5.28,60.0,157.37,1691.0,167853.0,1099677.0
2002-04-30,2106.15,19.900454545454547,1.3969999999999998,3680812.5,6.985,93.0,179.3,5.9,281147.0,10574.2,14.84,176.4,198.5,1592.0,5.4,31670.836,1186.9,89.5507,119.209,7312.5,1.75,5.21,60.0,158.22,1669.0,171852.0,1097242.0
2002-05-31,2106.15,20.087727272727275,1.39175,3702312.5,6.806,96.9,179.5,5.8,278966.0,10616.5,14.88,175.8,198.9,1764.0,6.1,31670.836,1189.3,89.9348,120.789,7288.9,1.75,5.16,60.0,159.29,1716.0,171854.0,1100573.0
2002-06-30,2106.15,25.271,1.38225,3665650.0,6.65,92.4,179.6,5.8,280426.0,10648.2,14.93,175.9,199.5,1717.0,6.1,31670.836,1193.3,90.6736,122.334,7322.5,1.75,4.93,60.0,160.29,1758.0,166070.0,1104258.0
2002-07-31,2106.15,34.04954545454546,1.3969999999999998,3549250.0,6.485,88.1,180.0,5.8,284161.0,10621.0,14.97,176.1,200.0,1655.0,5.3,32228.104,1199.1,90.6436,123.68799999999999,7387.3,1.73,4.65,60.0,161.3,1738.0,174282.0,1109776.0
2002-08-31,2106.15,33.74272727272727,1.39575,3502100.0,6.29,87.6,180.5,5.7,285884.0,10623.0,15.02,176.1,200.3,1633.0,5.2,32228.104,1187.1,90.5505,124.73100000000001,7412.6,1.74,4.26,60.0,162.32,1695.0,177126.0,1111829.0
2002-09-30,2106.15,37.6475,1.3996,3545187.5,6.0925,86.1,180.8,5.7,281064.0,10633.6,15.05,176.5,200.8,1804.0,5.8,32228.104,1196.1,90.6373,125.495,7391.5,1.75,3.87,60.0,163.32,1803.0,166838.0,1119935.0
2002-10-31,2106.15,35.24304347826087,1.44525,3564562.5,6.1125,80.6,181.2,5.7,282940.0,10661.8,15.12,176.4,201.3,1648.0,5.6,33060.269,1204.0,90.3988,126.13799999999999,7435.2,1.75,3.94,60.0,164.49,1799.0,169134.0,1120778.0
2002-11-30,2106.15,28.175,1.419,3514300.0,6.068,84.2,181.5,5.9,283408.0,10690.9,15.15,176.9,201.9,1753.0,5.6,33060.269,1209.6,90.8947,126.64399999999999,7463.8,1.34,4.05,60.0,165.42,1771.0,170023.0,1122588.0
2002-12-31,2106.15,28.21047619047619,1.3858000000000001,3473062.5,6.0475,86.7,181.8,6.0,286646.0,10719.9,15.2,177.1,202.4,1788.0,5.3,33060.269,1220.2,90.3906,127.152,7519.9,1.24,4.03,60.0,166.62,1896.0,163962.0,1129900.0
2003-01-31,2106.15,27.424285714285713,1.4575,3428625.0,5.9159999999999995,82.4,182.6,5.8,288657.0,10710.4,15.22,177.1,203.2,1853.0,5.3,33674.728,1227.3,91.1369,127.65299999999999,7541.3,1.24,4.05,60.0,167.62,1808.0,169994.0,1129014.0
2003-02-28,2106.15,32.21842105263158,1.613,3419750.0,5.8425,79.9,183.6,5.9,284696.0,10674.0,15.28,178.1,203.5,1629.0,5.2,33674.728,1238.2,91.2505,128.327,7548.6,1.26,3.9,60.0,168.72,1854.0,174113.0,1136996.0
2003-03-31,2106.15,30.634285714285717,1.693,3515650.0,5.745,77.6,183.9,5.9,288177.0,10696.5,15.27,178.4,204.0,1726.0,4.9,33674.728,1239.3,91.0006,129.308,7611.5,1.25,3.81,60.0,169.24,1757.0,172245.0,1139644.0
2003-04-30,2106.15,23.99190476190476,1.589,3588750.0,5.8125,86.0,183.2,6.0,289053.0,10752.7,15.28,178.5,204.5,1643.0,5.0,34570.629,1250.0,90.4311,130.488,7634.5,1.26,3.96,60.0,170.28,1803.0,169347.0,1139882.0
2003-05-31,2106.15,20.23952380952381,1.49725,3698200.0,5.484,92.1,182.9,6.1,289619.0,10832.0,15.33,178.8,205.0,1751.0,5.3,34570.629,1268.8,90.4,131.839,7650.3,1.26,3.57,60.0,171.21,1835.0,171542.0,1135902.0
2003-06-30,2106.15,20.362380952380953,1.4928000000000001,3707250.0,5.23,89.7,183.1,6.3,293671.0,10860.6,15.36,179.7,205.3,1867.0,5.1,34570.629,1281.0,90.5196,133.225,7699.6,1.22,3.33,60.0,171.99,1875.0,173507.0,1132731.0
2003-07-31,2106.15,19.161363636363635,1.5125,3651625.0,5.6325,90.9,183.7,6.2,296207.0,10991.1,15.4,179.8,205.8,1897.0,5.9,35205.233,1287.5,90.9869,134.648,7757.0,1.01,3.98,60.0,173.28,1885.0,173320.0,1129635.0
2003-08-31,2106.15,19.274285714285714,1.62025,3603850.0,6.264,89.3,184.5,6.1,299592.0,11066.7,15.42,180.5,206.2,1833.0,5.7,35205.233,1296.4,90.7933,135.966,7852.1,1.03,4.45,60.0,174.55,1966.0,173044.0,1124897.0
2003-09-30,2106.15,19.532380952380954,1.6788,3586125.0,6.1475,87.7,185.1,6.1,298921.0,10940.8,15.42,180.9,206.7,1939.0,4.9,35205.233,1297.2,91.3819,137.077,7853.7,1.01,4.27,60.0,175.94,1961.0,178690.0,1127476.0
2003-10-31,2106.15,18.023478260869567,1.5635,3529125.0,5.952,89.6,184.9,6.0,298205.0,10982.3,15.42,181.6,206.9,1967.0,5.0,36029.86,1297.8,91.5049,137.977,7867.4,1.01,4.29,60.0,176.99,2012.0,183704.0,1132480.0
2003-11-30,2106.15,17.40105263157895,1.512,3409650.0,5.9325,93.7,185.0,5.8,299433.0,11048.4,15.46,182.6,207.4,2083.0,5.0,36029.86,1299.1,92.1265,138.766,7922.6,1.0,4.3,60.0,178.4,1918.0,181685.0,1136127.0
2003-12-31,2106.15,16.826363636363638,1.4788000000000001,3299312.5,5.8759999999999994,92.6,185.5,5.7,300702.0,11057.2,15.47,183.5,207.7,2057.0,5.0,36029.86,1306.2,92.1732,139.629,7950.4,0.98,4.27,60.0,179.83,1987.0,181513.0,1137790.0
2004-01-31,2106.15,16.101,1.57175,3186000.0,5.7125,103.8,186.3,5.7,301993.0,11051.2,15.51,183.4,208.1,1911.0,4.6,37510.522,1306.0,92.3268,140.70600000000002,8007.1,1.0,4.15,60.0,180.99,1952.0,178696.0,1138587.0
2004-02-29,2106.15,15.99842105263158,1.6475,3132937.5,5.635,94.4,186.7,5.6,303915.0,11071.0,15.53,183.9,208.6,1846.0,4.6,37510.522,1321.4,92.8995,142.028,8040.4,1.01,4.08,60.0,182.45,1966.0,181662.0,1149599.0
2004-03-31,2106.15,17.687391304347827,1.736,3064562.5,5.445,95.8,187.1,5.8,309471.0,11115.6,15.56,184.2,209.1,1998.0,4.5,37510.522,1328.7,92.5368,144.079,8098.8,1.0,3.83,60.0,183.7,2066.0,190869.0,1157579.0
2004-04-30,2106.15,15.69857142857143,1.79775,3015062.5,5.83,94.2,187.4,5.6,307358.0,11153.3,15.59,184.6,209.7,2003.0,4.9,38276.375,1332.8,92.8957,146.18,8107.2,1.0,4.35,60.0,185.23,2070.0,184368.0,1164479.0
2004-05-31,2106.15,17.705000000000002,1.9834,2986600.0,6.27,90.2,188.2,5.6,311088.0,11208.9,15.63,186.1,210.3,1981.0,4.8,38276.375,1333.3,93.5845,148.335,8176.5,1.0,4.72,60.0,186.98,2150.0,183459.0,1174147.0
2004-06-30,2106.15,15.342727272727274,1.96925,2954312.5,6.2875,95.6,188.9,5.6,309127.0,11215.8,15.67,186.4,210.9,1828.0,5.4,38276.375,1342.7,92.8651,150.519,8157.6,1.03,4.73,60.0,188.93,2020.0,185640.0,1184240.0
2004-07-31,2106.15,15.502380952380953,1.91125,2925950.0,6.056,96.7,189.1,5.5,311681.0,11240.5,15.69,186.8,211.4,2002.0,4.7,39058.133,1340.8,93.5502,152.338,8236.9,1.26,4.5,60.0,190.47,2112.0,186835.0,1196968.0
2004-08-31,2106.15,16.68409090909091,1.8780000000000001,2905562.5,5.8675,95.9,189.2,5.4,311192.0,11274.6,15.73,187.0,212.0,2024.0,4.7,39058.133,1354.3,93.6301,153.815,8271.6,1.43,4.28,60.0,191.82,2056.0,183728.0,1207657.0
2004-09-30,2106.15,14.08095238095238,1.86975,2872812.5,5.754,94.2,189.8,5.4,317446.0,11279.6,15.78,186.9,212.5,1905.0,4.1,39058.133,1362.5,93.7353,155.108,8341.5,1.61,4.13,60.0,193.31,2041.0,188444.0,1206471.0
2004-10-31,2106.15,14.973809523809523,1.9995,2803200.0,5.7225,91.7,190.8,5.5,318476.0,11282.5,15.81,187.8,212.8,2072.0,3.9,40134.489,1362.3,94.5695,156.298,8397.1,1.76,4.1,60.0,194.74,2097.0,185187.0,1216168.0
2004-11-30,2106.15,13.577619047619047,1.9794,2748125.0,5.73,92.8,191.7,5.4,320520.0,11246.1,15.84,188.4,213.1,1782.0,3.4,40134.489,1374.2,94.8015,157.495,8444.5,1.93,4.19,60.0,196.55,2079.0,192545.0,1228121.0
2004-12-31,2106.15,12.459545454545456,1.841,2720187.5,5.752,97.1,191.7,5.4,324672.0,11659.0,15.86,188.4,213.7,2042.0,6.2,40134.489,1376.0,95.5415,158.66899999999998,8504.4,2.16,4.23,60.0,198.24,2082.0,193578.0,1230005.0
2005-01-31,2106.15,13.437999999999999,1.8308,2723100.0,5.71,95.5,191.6,5.3,321272.0,11226.5,15.9,188.7,214.3,2144.0,2.7,40908.14,1367.1,95.8785,160.13,8497.7,2.28,4.22,60.0,199.62,2139.0,194875.0,1242663.0
2005-02-28,2106.15,11.708947368421052,1.91,2704375.0,5.6275,94.1,192.4,5.4,325308.0,11229.0,15.93,188.6,214.9,2207.0,2.3,40908.14,1371.1,96.5709,161.925,8559.1,2.5,4.17,60.0,201.16,2114.0,196475.0,1251337.0
2005-03-31,2106.15,13.126363636363635,2.07925,2668687.5,5.928,92.6,193.1,5.2,326179.0,11268.8,15.97,189.1,215.4,1864.0,2.5,40908.14,1370.9,96.4345,164.577,8598.4,2.63,4.5,60.0,203.17,2062.0,186608.0,1257770.0
2005-04-30,2106.15,14.459047619047618,2.2425,2626350.0,5.855,87.7,193.7,5.2,329124.0,11304.2,16.01,190.4,216.0,2061.0,2.1,41772.355,1358.4,96.6347,167.00099999999998,8678.4,2.79,4.34,60.0,204.95,2150.0,194847.0,1264334.0
2005-05-31,2106.15,13.967619047619047,2.1612,2588375.0,5.72,86.9,193.6,5.1,327233.0,11352.7,16.03,190.6,216.5,2025.0,2.6,41772.355,1366.0,96.7251,169.547,8671.6,3.0,4.14,60.0,206.63,2085.0,206623.0,1266451.0
2005-06-30,2106.15,11.868636363636364,2.1555,2598687.5,5.582,96.0,193.7,5.0,337219.0,11375.5,16.08,190.5,217.0,2068.0,2.0,41772.355,1380.1,97.1483,172.018,8753.4,3.04,4.0,60.0,208.43,2178.0,210020.0,1264110.0
2005-07-31,2106.15,11.049,2.29,2595050.0,5.695,96.5,194.9,5.0,339529.0,11387.1,16.15,190.9,217.7,2054.0,1.4,42450.329,1369.0,96.8397,174.101,8853.8,3.26,4.18,60.0,210.51,2203.0,194475.0,1261244.0
2005-08-31,2106.15,12.951304347826087,2.4861999999999997,2583250.0,5.82,89.1,196.1,4.9,335605.0,11405.3,16.17,191.1,218.1,2095.0,2.0,42450.329,1377.8,97.1584,175.926,8850.1,3.5,4.26,60.0,212.05,2219.0,204839.0,1264858.0
2005-09-30,2106.15,12.628095238095238,2.90325,2634562.5,5.774,76.9,198.8,5.0,336600.0,11365.2,16.19,191.5,218.7,2151.0,2.0,42450.329,1378.6,95.2764,177.613,8900.4,3.62,4.2,60.0,213.97,2263.0,203997.0,1271340.0
2005-10-31,2106.15,14.937619047619048,2.7168,2811550.0,6.065,74.2,199.1,5.0,336753.0,11428.7,16.28,192.0,219.3,2065.0,2.3,43540.364,1376.5,96.4411,178.755,8938.5,3.78,4.46,60.0,215.2,2170.0,209901.0,1281654.0
2005-11-30,2106.15,12.147619047619047,2.25675,2743500.0,6.33,81.6,198.1,5.0,339719.0,11500.1,16.3,192.6,219.9,2147.0,2.6,43540.364,1376.1,97.5016,179.676,8946.2,4.0,4.54,60.0,216.65,2218.0,220733.0,1289762.0
2005-12-31,2106.15,11.26,2.185,2637850.0,6.272,91.5,198.1,4.9,339895.0,11535.2,16.36,192.9,220.3,1994.0,2.5,43540.364,1374.3,97.9723,180.109,8981.1,4.16,4.47,60.0,217.9,2120.0,221499.0,1303339.0
2006-01-31,2106.15,12.036,2.3156,2598437.5,6.145,91.2,199.3,4.7,349664.0,11651.8,16.42,193.6,220.8,2273.0,3.0,44615.362,1379.5,98.127,180.828,9071.6,4.29,4.42,60.0,219.19,2212.0,209540.0,1312932.0
2006-02-28,2106.15,12.471052631578948,2.2800000000000002,2526500.0,6.2525,86.7,199.4,4.8,347021.0,11702.8,16.48,193.7,221.5,2119.0,3.2,44615.362,1378.4,98.1687,181.49900000000002,9096.0,4.49,4.57,60.0,219.7,2141.0,219738.0,1316834.0
2006-03-31,2106.15,11.69391304347826,2.42475,2474375.0,6.324,88.9,199.7,4.7,348357.0,11747.5,16.54,194.0,222.2,1969.0,3.3,44615.362,1383.2,98.3913,182.74900000000002,9132.9,4.59,4.72,60.0,220.54,2118.0,227188.0,1328303.0
2006-04-30,2106.15,11.84736842105263,2.742,2419800.0,6.5075,87.4,200.7,4.7,350072.0,11744.4,16.63,193.8,222.9,1821.0,3.1,45696.946,1381.4,98.6826,183.648,9191.6,4.79,4.99,60.0,220.92,1998.0,214625.0,1339022.0
2006-05-31,2106.15,14.454545454545455,2.9067999999999996,2383937.5,6.5975,79.1,201.3,4.6,348889.0,11736.8,16.66,194.1,223.7,1942.0,2.9,45696.946,1387.2,98.7074,184.38,9231.8,4.94,5.11,60.0,221.52,1905.0,215819.0,1352673.0
2006-06-30,2106.15,16.918636363636363,2.8845,2400062.5,6.6819999999999995,84.9,201.8,4.6,350795.0,11751.9,16.72,194.7,224.6,1802.0,2.9,45696.946,1375.4,99.0398,184.547,9259.6,4.99,5.11,60.0,221.46,1867.0,221220.0,1363182.0
2006-07-31,2106.15,15.325999999999999,2.9806,2437400.0,6.7625,84.7,202.9,4.7,351916.0,11746.9,16.78,195.2,225.4,1737.0,2.3,46619.036,1372.4,98.9751,184.608,9343.8,5.24,5.09,60.0,221.33,1763.0,209494.0,1371203.0
2006-08-31,2106.15,13.351739130434783,2.95175,2462062.5,6.523999999999999,82.0,203.8,4.7,353285.0,11737.0,16.82,195.7,226.3,1650.0,2.5,46619.036,1372.4,99.4047,184.405,9342.2,5.25,4.88,60.0,221.9,1722.0,210473.0,1380342.0
2006-09-30,2106.15,12.1845,2.5549999999999997,2453050.0,6.4025,85.4,202.8,4.5,351240.0,11800.1,16.87,196.3,227.2,1720.0,2.4,46619.036,1364.4,99.2246,184.19799999999998,9375.4,5.25,4.72,60.0,221.86,1655.0,234701.0,1386013.0
2006-10-31,2106.15,11.306363636363637,2.2446,2444187.5,6.3575,93.6,201.9,4.4,351035.0,11853.7,16.93,196.9,228.0,1491.0,2.4,47723.598,1370.3,99.1229,184.054,9393.6,5.25,4.73,60.0,222.13,1570.0,216952.0,1391353.0
2006-11-30,2106.15,10.817619047619049,2.22925,2453000.0,6.24,92.1,202.0,4.5,352116.0,11901.9,16.98,197.0,228.8,1570.0,2.7,47723.598,1370.8,99.0963,183.63099999999997,9400.2,5.25,4.6,60.0,222.8,1535.0,224809.0,1395929.0
2006-12-31,2106.15,10.9645,2.3127500000000003,2493900.0,6.135,91.7,203.1,4.4,356367.0,11958.6,17.05,197.1,229.8,1649.0,2.6,47723.598,1366.6,100.1125,183.229,9488.3,5.24,4.56,60.0,222.83,1638.0,229243.0,1399095.0
2007-01-31,2106.15,11.0425,2.2398,2499562.5,6.2175,96.9,203.437,4.6,355792.0,11956.6,17.09,198.378,230.547,1409.0,2.4,48922.533,1371.7,99.7546,182.718,9538.7,5.25,4.76,60.0,223.65,1626.0,222969.0,1401566.0
2007-02-28,2106.15,11.155263157894737,2.27775,2553312.5,6.285,91.3,204.226,4.5,356545.0,11996.0,17.16,199.736,231.546,1480.0,2.8,48922.533,1363.0,100.7166,182.47,9566.0,5.26,4.72,60.0,223.73,1598.0,220962.0,1408178.0
2007-03-31,2106.15,15.162727272727272,2.56275,2540800.0,6.156000000000001,88.4,205.288,4.4,359415.0,12035.1,17.22,200.432,232.349,1495.0,3.0,48922.533,1366.5,100.8952,182.192,9611.7,5.26,4.56,60.0,224.57,1596.0,229526.0,1410230.0
2007-04-30,2106.15,12.933000000000002,2.8449999999999998,2500250.0,6.18,87.1,205.904,4.5,358562.0,12052.8,17.27,200.952,232.96,1490.0,3.0,50058.793,1378.0,101.5723,182.13,9643.6,5.25,4.69,60.0,224.61,1470.0,233420.0,1419110.0
2007-05-31,2106.15,13.297727272727274,3.146,2459187.5,6.2620000000000005,88.3,206.755,4.4,363085.0,12059.9,17.34,201.735,233.656,1415.0,2.8,50058.793,1380.9,101.6269,181.88400000000001,9685.8,5.25,4.75,60.0,223.47,1493.0,228836.0,1426983.0
2007-06-30,2106.15,14.947619047619046,3.056,2469150.0,6.657500000000001,85.3,207.234,4.6,360234.0,12053.3,17.41,202.557,234.283,1448.0,2.7,50058.793,1368.2,101.6547,181.54,9706.8,5.25,5.1,60.0,222.63,1407.0,228868.0,1433845.0
2007-07-31,2106.15,17.273333333333333,2.9646,2529875.0,6.695,90.4,207.603,4.7,361770.0,12066.4,17.46,203.232,234.996,1354.0,2.6,51479.585,1371.8,101.4953,180.99400000000003,9751.1,5.26,5.0,60.0,221.51,1361.0,233176.0,1436799.0
2007-08-31,2106.15,25.02608695652174,2.78575,2541687.5,6.572,83.4,207.667,4.6,363676.0,12070.9,17.5,204.008,235.524,1330.0,2.2,51479.585,1376.3,101.6943,180.235,9798.9,5.02,4.67,60.0,220.51,1321.0,235758.0,1441040.0
2007-09-30,2106.15,22.198947368421056,2.80325,2548450.0,6.3825,83.4,208.547,4.7,365178.0,12089.6,17.55,205.003,236.239,1183.0,2.3,51479.585,1375.7,101.9428,179.123,9845.1,4.94,4.52,60.0,219.59,1261.0,226473.0,1450983.0
2007-10-31,2106.15,19.115652173913045,2.803,2540000.0,6.375,80.9,209.19,4.7,367322.0,12080.4,17.58,205.651,237.18,1264.0,2.2,52683.491,1379.4,101.6446,177.53099999999998,9882.7,4.76,4.53,60.0,217.76,1192.0,230700.0,1455045.0
2007-11-30,2106.15,25.58238095238095,3.08,2602437.5,6.208,76.1,210.834,4.7,370776.0,12070.1,17.63,206.493,238.063,1197.0,1.9,52683.491,1371.8,102.2167,175.16299999999998,9955.9,4.49,4.15,60.0,216.3,1224.0,227005.0,1464683.0
2007-12-31,2106.15,21.651,3.0184,2672300.0,6.095,75.5,211.445,5.0,366569.0,12120.5,17.68,206.874,238.873,1037.0,2.4,52683.491,1373.4,102.2764,173.338,9972.8,4.24,4.1,60.0,215.23,1149.0,244443.0,1477562.0
2008-01-31,2106.15,25.816190476190474,3.04275,2779625.0,5.758,78.4,212.174,5.0,367368.0,12137.1,17.74,208.126,239.517,1084.0,2.6,53579.723,1377.7,102.1493,171.077,9996.4,3.94,3.74,60.0,213.45,1094.0,239389.0,1489025.0
2008-02-29,2106.15,25.456,3.0275,2822687.5,5.9175,70.8,212.687,4.9,364126.0,12141.8,17.8,208.901,240.08,1103.0,3.0,53579.723,1380.4,101.7756,169.19,9981.7,2.98,3.74,60.0,212.06,1014.0,235037.0,1495906.0
2008-03-31,2106.15,27.103500000000004,3.2439999999999998,2887700.0,5.97,69.5,213.448,5.1,365164.0,12145.9,17.88,209.324,240.68,1005.0,2.9,53579.723,1388.7,101.4508,167.90099999999998,10035.3,2.61,3.51,60.0,210.19,967.0,234868.0,1496888.0
2008-04-30,2106.15,21.562727272727273,3.458,2954687.5,5.9175,62.6,213.942,5.0,364816.0,12100.8,17.92,211.127,241.437,1013.0,2.4,53849.642,1391.4,100.7554,167.31799999999998,10070.3,2.28,3.68,60.0,207.92,1008.0,231086.0,1503268.0
2008-05-31,2106.15,18.303333333333335,3.7657499999999997,2995000.0,6.036,59.8,215.208,5.4,368255.0,12696.2,17.98,212.019,241.927,973.0,6.8,53849.642,1393.4,100.1336,167.015,10132.3,1.98,3.88,60.0,205.55,995.0,227370.0,1506104.0
2008-06-30,2106.15,22.11047619047619,4.0542,3039000.0,6.32,56.4,217.463,5.6,368926.0,12376.6,18.04,213.333,242.882,1046.0,4.6,53849.642,1404.6,99.8728,166.53400000000002,10187.1,2.0,4.1,60.0,204.25,1180.0,229262.0,1515720.0
2008-07-31,2106.15,24.321818181818184,4.0615000000000006,3123375.0,6.425999999999999,61.2,219.016,5.8,367594.0,12188.7,18.1,215.434,243.675,923.0,3.6,54730.702,1421.1,99.4194,165.71200000000002,10185.1,2.01,4.01,60.0,202.34,921.0,220411.0,1524721.0
2008-08-31,2106.15,20.695714285714285,3.7785,3317800.0,6.4775,63.0,218.69,6.1,364611.0,12120.6,18.18,216.528,244.475,844.0,3.1,54730.702,1407.4,97.8491,164.27700000000002,10175.7,2.0,3.89,60.0,200.29,858.0,214106.0,1528086.0
2008-09-30,2106.15,30.23857142857143,3.7026000000000003,3464312.5,6.0375,70.3,218.877,6.1,358991.0,12149.0,18.2,217.768,245.175,820.0,3.9,54730.702,1462.0,93.5576,161.912,10116.4,1.81,3.69,60.0,198.46,797.0,215245.0,1517817.0
2008-10-31,2106.15,61.17739130434782,3.05125,3658562.5,6.2,57.6,216.995,6.5,346137.0,12240.5,18.25,218.667,245.914,777.0,4.9,54789.271,1473.8,94.4985,159.16299999999998,10034.1,0.97,3.81,60.0,196.77,736.0,191912.0,1503326.0
2008-11-30,2106.15,62.66894736842105,2.1470000000000002,3951100.0,6.0875,55.3,213.153,6.8,332498.0,12345.9,18.31,219.07,246.556,652.0,6.0,54789.271,1514.6,93.2617,156.072,9885.2,0.39,3.53,60.0,193.23,626.0,181552.0,1487209.0
2008-12-31,2106.15,52.405,1.687,4394437.5,5.286,60.1,211.398,7.3,324767.0,12288.8,18.39,219.073,246.992,560.0,5.8,54789.271,1601.7,90.6266,152.545,9801.5,0.16,2.42,60.0,192.78,554.0,173849.0,1455315.0
2009-01-31,2106.15,44.683,1.7882500000000001,4747400.0,5.047499999999999,61.2,211.933,7.8,329787.0,12361.5,18.39,219.234,247.563,490.0,5.9,54594.185,1582.8,88.3712,149.362,9847.2,0.15,2.52,60.0,194.35,545.0,151085.0,1437468.0
2009-02-28,2106.15,45.57052631578947,1.92275,5148625.0,5.13,56.3,212.705,8.3,328376.0,12241.9,18.44,218.949,247.994,582.0,5.4,54594.185,1567.2,87.843,147.618,9824.5,0.22,2.87,60.0,194.56,558.0,148834.0,1416350.0
2009-03-31,2106.15,44.79545454545455,1.9586,5582375.0,5.0025,57.3,212.495,8.7,322634.0,12242.7,18.5,218.51,248.396,505.0,5.8,54594.185,1578.9,86.4689,146.514,9773.2,0.18,2.82,60.0,192.22,513.0,146323.0,1396024.0
2009-04-30,2106.15,38.063809523809525,2.049,6034750.0,4.8100000000000005,65.1,212.709,9.0,324323.0,12320.0,18.52,218.175,248.837,478.0,6.5,54463.255,1611.6,85.7903,146.942,9772.5,0.15,2.93,60.0,191.02,521.0,147467.0,1377332.0
2009-05-31,2106.15,31.977999999999998,2.2655000000000003,6429100.0,4.8575,68.7,213.022,9.4,327011.0,12500.1,18.53,217.813,249.204,540.0,7.8,54463.255,1617.5,84.9436,148.16899999999998,9791.6,0.18,3.29,60.0,190.99,556.0,149255.0,1362233.0
2009-06-30,2106.15,29.140454545454546,2.6306000000000003,6542562.5,5.42,70.8,214.79,9.5,332227.0,12273.2,18.56,217.813,249.381,585.0,6.1,54463.255,1658.8,84.6746,149.796,9852.4,0.21,3.72,60.0,190.88,601.0,147033.0,1344788.0
2009-07-31,2106.15,26.162727272727274,2.5265,6296000.0,5.2219999999999995,66.0,214.726,9.5,333670.0,12218.7,18.59,217.387,249.343,594.0,5.4,54444.019,1662.5,85.6853,150.748,9886.3,0.16,3.56,60.0,190.31,595.0,153691.0,1328683.0
2009-08-31,2106.15,25.337142857142858,2.6164,6088050.0,5.1925,65.7,215.445,9.6,339586.0,12194.8,18.67,217.376,249.359,586.0,4.4,54444.019,1660.0,86.6393,150.668,10004.1,0.16,3.59,60.0,189.95,616.0,157489.0,1311895.0
2009-09-30,2106.15,24.92666666666667,2.5540000000000003,6010500.0,5.0575,73.5,215.861,9.8,330998.0,12230.6,18.7,217.258,249.261,585.0,5.5,54444.019,1664.9,87.3821,149.627,9927.8,0.15,3.4,60.0,189.75,609.0,158041.0,1305586.0
2009-10-31,2106.15,24.252272727272725,2.55125,5841750.0,4.952,70.6,216.509,10.0,334595.0,12193.2,18.74,217.452,248.959,534.0,5.1,54289.713,1677.7,87.5809,148.584,9976.7,0.12,3.39,60.0,190.15,583.0,161097.0,1313895.0
2009-11-30,2106.15,23.788999999999998,2.6513999999999998,5566375.0,4.875,67.4,217.234,9.9,337321.0,12224.4,18.8,217.581,248.778,588.0,5.5,54289.713,1683.0,87.9388,147.939,9985.7,0.12,3.4,60.0,190.72,623.0,160419.0,1323841.0
2009-12-31,2106.15,21.239545454545453,2.60725,5270312.5,4.93,72.5,217.347,9.9,338736.0,12280.2,18.84,217.904,248.667,581.0,5.4,54289.713,1692.8,88.2404,146.666,10052.6,0.12,3.59,60.0,189.0,664.0,160520.0,1321703.0
2010-01-31,2106.15,20.643157894736845,2.715,4912650.0,5.03,74.4,217.488,9.8,339093.0,12285.8,18.88,218.489,248.721,614.0,5.6,54102.737,1674.7,89.1897,145.003,10056.1,0.11,3.73,60.0,189.08,636.0,181016.0,1323974.0
2010-02-28,2106.15,22.54,2.644,4810312.5,4.99,73.6,217.281,9.8,339580.0,12292.0,18.91,218.552,248.717,604.0,5.3,54102.737,1699.8,89.5046,143.055,10093.4,0.13,3.69,60.0,188.17,650.0,180450.0,1332323.0
2010-03-31,2106.15,17.767391304347825,2.7716000000000003,4755125.0,4.9675,73.6,217.353,9.9,346974.0,12340.3,18.92,218.99,248.854,636.0,5.3,54102.737,1711.9,90.1356,143.596,10156.0,0.16,3.73,60.0,187.96,687.0,182148.0,1338599.0
2010-04-30,2106.15,17.424285714285716,2.84825,4726875.0,5.098000000000001,72.2,217.403,9.9,349869.0,12447.1,18.96,219.209,248.962,687.0,6.0,54052.996,1699.0,90.4607,145.398,10182.3,0.2,3.85,60.0,188.23,637.0,182948.0,1343584.0
2010-05-31,2106.15,31.9295,2.8362000000000003,4697250.0,4.8875,73.6,217.29,9.6,346858.0,12540.3,19.01,219.331,249.066,583.0,6.4,54052.996,1710.1,91.7014,147.031,10210.8,0.2,3.42,60.0,188.23,575.0,189932.0,1347852.0
2010-06-30,2106.15,29.916363636363634,2.7315,4615312.5,4.7375,76.0,217.199,9.4,346516.0,12544.3,19.03,219.285,249.327,536.0,6.2,54052.996,1731.6,91.9033,147.697,10231.3,0.18,3.2,60.0,186.22,587.0,185667.0,1357633.0
2010-07-31,2106.15,25.565238095238094,2.72875,4543200.0,4.564,67.8,217.605,9.4,347612.0,12554.2,19.04,219.234,249.458,546.0,6.1,54413.795,1724.0,92.2549,147.559,10268.1,0.18,3.01,60.0,185.09,579.0,187506.0,1369755.0
2010-08-31,2106.15,24.74590909090909,2.7298,4473312.5,4.4275,68.9,217.923,9.5,349188.0,12591.4,19.11,219.48,249.346,599.0,6.2,54413.795,1748.7,92.5936,146.425,10307.1,0.19,2.7,60.0,184.93,580.0,191745.0,1381722.0
2010-09-30,2106.15,22.517619047619046,2.705,4475687.5,4.346,68.2,218.275,9.5,352179.0,12589.9,19.11,220.219,249.663,594.0,6.1,54413.795,1766.2,92.8533,144.606,10327.1,0.19,2.65,60.0,183.16,563.0,201932.0,1396644.0
2010-10-31,2106.15,20.37333333333333,2.8005,4397900.0,4.225,67.7,219.035,9.4,356215.0,12592.5,19.21,220.521,249.66,543.0,5.9,54918.751,1780.4,92.6033,143.124,10386.4,0.19,2.54,60.0,183.43,558.0,193066.0,1413297.0
2010-11-30,2106.15,20.095714285714287,2.859,4259750.0,4.3,71.6,219.59,9.8,359450.0,12605.1,19.21,220.946,250.182,545.0,5.8,54918.751,1828.4,92.6686,141.812,10433.6,0.19,2.76,60.0,182.78,560.0,197202.0,1424215.0
2010-12-31,2106.15,17.56954545454545,2.9930000000000003,4125875.0,4.714,74.5,220.472,9.3,361979.0,12680.6,19.23,221.215,250.641,539.0,6.2,54918.751,1836.7,93.5916,140.621,10471.0,0.18,3.29,60.0,181.52,632.0,193452.0,1440606.0
2011-01-31,2106.15,17.3155,3.0948,3971650.0,4.755,74.2,221.187,9.1,364394.0,12740.1,19.33,222.469,251.142,630.0,6.6,55141.528,1846.3,93.3889,139.029,10514.3,0.17,3.39,60.0,180.37,576.0,203636.0,1452299.0
2011-02-28,2106.15,17.43,3.2110000000000003,3885437.5,4.9525,77.5,221.898,9.0,367475.0,12776.6,19.31,223.504,251.516,517.0,6.9,55141.528,1870.1,93.0045,137.724,10540.6,0.16,3.58,60.0,178.75,542.0,196393.0,1461934.0
2011-03-31,2106.15,20.723478260869566,3.5612500000000002,3786375.0,4.836,67.5,223.046,9.0,370775.0,12742.7,19.3,225.213,251.905,600.0,6.3,55141.528,1896.5,93.9684,137.779,10619.7,0.14,3.41,60.0,176.88,583.0,212748.0,1478764.0
2011-04-30,2106.15,16.244,3.7995,3758950.0,4.84,69.8,224.093,9.1,372820.0,12721.3,19.36,226.072,252.203,554.0,6.3,55263.422,1897.0,93.6571,139.153,10652.1,0.1,3.46,62.5,177.23,581.0,200733.0,1492150.0
2011-05-31,2106.15,16.91142857142857,3.9061999999999997,3789250.0,4.6375,74.3,224.806,9.0,372505.0,12705.3,19.41,226.94,252.584,561.0,6.3,55263.422,1941.6,93.7723,140.689,10672.2,0.09,3.17,60.3,176.84,618.0,207170.0,1510423.0
2011-06-30,2106.15,19.153181818181817,3.68,3751500.0,4.51,71.5,224.806,9.1,375587.0,12756.9,19.41,227.515,252.986,608.0,6.5,55263.422,1963.4,94.0493,141.942,10694.8,0.09,3.0,61.0,177.29,636.0,201579.0,1516643.0
2011-07-31,2106.15,19.2275,3.6502499999999998,3729750.0,4.545,63.7,225.395,9.0,375442.0,12805.6,19.48,228.482,253.423,623.0,6.7,55526.319,1996.0,94.4958,142.341,10731.6,0.07,3.0,60.0,177.63,621.0,206458.0,1524015.0
2011-08-31,2106.15,35.02913043478261,3.6393999999999997,3711500.0,4.27,55.8,226.106,9.0,375860.0,12799.7,19.47,229.634,254.295,585.0,6.7,55526.319,2115.4,95.0974,141.783,10750.3,0.1,2.3,59.3,177.21,647.0,216705.0,1531385.0
2011-09-30,2106.15,36.53,3.61125,3739187.5,4.106,59.5,226.597,9.0,380042.0,12781.7,19.49,230.682,254.895,650.0,6.4,55526.319,2120.0,95.0244,140.16299999999998,10783.2,0.08,1.98,60.2,178.17,610.0,204738.0,1525998.0
2011-10-31,2106.15,32.829047619047614,3.4479999999999995,3713600.0,4.0675,60.8,226.75,8.8,382207.0,12791.9,19.56,230.899,255.651,610.0,6.3,55864.751,2128.5,95.6891,138.4,10802.9,0.07,2.15,61.2,177.34,671.0,210799.0,1540169.0
2011-11-30,2106.15,31.94190476190476,3.38375,3665187.5,3.9925,63.7,227.169,8.6,383422.0,12782.7,19.56,231.118,256.207,711.0,6.4,55864.751,2182.0,95.6778,136.654,10806.8,0.08,2.01,61.7,177.96,706.0,215531.0,1547277.0
2011-12-31,2106.15,25.047619047619047,3.26575,3598100.0,3.9579999999999997,69.9,227.223,8.5,383985.0,12898.5,19.57,231.557,256.8,694.0,7.2,55864.751,2165.7,96.1809,135.156,10817.8,0.07,1.98,63.5,178.44,697.0,223835.0,1556708.0
2012-01-31,2106.15,20.228,3.38,3593500.0,3.915,75.0,227.842,8.3,387531.0,12967.5,19.59,232.213,257.267,723.0,7.4,56241.809,2201.8,96.7595,134.158,10896.8,0.08,1.97,66.2,177.8,712.0,226295.0,1563455.0
2012-02-29,2106.15,18.4205,3.57925,3407312.5,3.89,75.3,228.329,8.3,392310.0,13029.6,19.58,232.14,257.842,704.0,7.3,56241.809,2207.1,97.0662,133.988,10987.2,0.1,1.97,66.3,178.31,738.0,226783.0,1576403.0
2012-03-31,2106.15,16.167272727272728,3.85175,3358300.0,3.9539999999999997,76.2,228.807,8.2,393698.0,13066.4,19.64,232.591,258.335,695.0,7.6,56241.809,2227.8,96.5609,135.857,10993.9,0.13,2.17,66.2,179.81,806.0,221729.0,1582173.0
2012-04-30,2106.15,17.823,3.9004,3322812.5,3.91,76.4,229.187,8.2,392073.0,13116.5,19.67,233.044,258.977,753.0,7.9,56406.903,2237.3,97.251,138.463,11018.5,0.14,2.05,68.2,180.66,732.0,218445.0,1590724.0
2012-05-31,2106.15,21.001818181818184,3.73225,3320875.0,3.7979999999999996,79.3,228.713,8.2,391376.0,13112.5,19.68,233.219,259.481,708.0,7.9,56406.903,2256.2,97.4595,141.039,11006.8,0.16,1.8,69.3,181.77,796.0,219486.0,1595201.0
2012-06-30,2106.15,21.13095238095238,3.53875,3329600.0,3.675,73.2,228.524,8.2,387901.0,13097.2,19.71,233.683,259.893,757.0,7.9,56406.903,2275.3,97.4768,143.161,10989.8,0.16,1.62,68.5,182.49,794.0,217930.0,1600988.0
2012-07-31,2106.15,17.565238095238094,3.4392000000000005,3309625.0,3.55,72.3,228.59,8.2,389686.0,12999.8,19.75,233.845,260.476,740.0,7.0,57111.02,2315.0,97.6714,144.274,11016.8,0.16,1.53,69.5,182.82,849.0,222851.0,1614258.0
2012-08-31,2106.15,15.689565217391305,3.7215,3303250.0,3.6019999999999994,74.3,229.918,8.1,394524.0,12961.6,19.74,234.244,260.999,754.0,6.7,57111.02,2354.1,97.2734,144.697,11056.0,0.13,1.68,68.0,184.14,840.0,200405.0,1620390.0
2012-09-30,2106.15,15.284736842105264,3.8485,3315000.0,3.4975,78.3,231.015,7.8,397681.0,13053.1,19.79,234.404,261.62,847.0,7.2,57111.02,2386.6,97.2217,144.349,11105.3,0.14,1.72,71.8,184.78,930.0,216864.0,1633608.0
2012-10-31,2106.15,16.276190476190475,3.7456000000000005,3296125.0,3.3825000000000003,82.6,231.638,7.8,397494.0,13142.0,19.79,234.843,262.631,915.0,7.8,57571.995,2420.1,97.5311,143.958,11137.4,0.16,1.75,72.3,185.67,887.0,218355.0,1634146.0
2012-11-30,2106.15,16.701904761904764,3.4517499999999997,3312687.5,3.3519999999999994,82.7,231.249,7.7,399708.0,13315.7,19.85,235.253,263.137,833.0,8.7,57571.995,2441.2,97.9084,143.95,11178.4,0.16,1.65,71.7,186.61,917.0,217176.0,1640526.0
2012-12-31,2106.15,17.307,3.3104,3228000.0,3.3449999999999998,72.9,231.221,7.9,401093.0,13642.7,19.91,235.677,263.669,976.0,10.9,57571.995,2460.7,98.1884,143.858,11181.2,0.16,1.72,72.8,187.5,941.0,231169.0,1647563.0
2013-01-31,2106.15,13.505238095238095,3.3185000000000002,3215312.5,3.414,73.8,231.679,8.0,404434.0,12845.5,19.94,236.011,264.245,888.0,4.9,58020.776,2476.7,98.1736,144.303,11252.4,0.14,1.91,73.5,188.98,940.0,223063.0,1659407.0
2013-02-28,2106.15,14.072631578947368,3.67,3091000.0,3.5324999999999998,77.6,232.937,7.7,409118.0,12813.9,19.99,235.992,264.904,962.0,4.7,58020.776,2468.9,98.6434,145.154,11290.5,0.15,1.98,73.7,190.05,980.0,234445.0,1661659.0
2013-03-31,2106.15,13.0315,3.71125,3033900.0,3.565,78.6,232.282,7.5,406223.0,12852.1,20.01,236.213,265.603,1010.0,4.8,58020.776,2476.3,99.047,147.955,11290.1,0.14,1.96,74.2,192.01,936.0,217480.0,1661279.0
2013-04-30,2106.15,13.967272727272727,3.5702,3051812.5,3.4450000000000003,76.4,231.797,7.6,404231.0,12893.4,20.04,236.655,266.094,835.0,5.1,58064.811,2504.9,98.9445,150.963,11281.1,0.15,1.76,77.3,192.9,1012.0,226467.0,1665519.0
2013-05-31,2106.15,13.493636363636364,3.61475,3021250.0,3.536,84.5,231.893,7.5,406677.0,12954.2,20.04,236.454,266.841,930.0,5.3,58064.811,2523.5,99.0383,153.852,11321.6,0.11,1.93,82.2,194.46,1003.0,236942.0,1661753.0
2013-06-30,2106.15,17.2715,3.626,2998900.0,4.07,84.1,232.445,7.5,407921.0,12955.7,20.13,236.98,267.451,839.0,5.4,58064.811,2521.0,99.2221,156.418,11344.4,0.09,2.3,79.3,195.68,942.0,246567.0,1664436.0
2013-07-31,2106.15,13.974545454545455,3.5909999999999997,3019875.0,4.37,85.1,232.9,7.3,410268.0,12941.8,20.14,237.184,267.87,880.0,5.2,58450.503,2542.3,98.8987,158.276,11372.6,0.09,2.58,77.7,196.7,997.0,220831.0,1669018.0
2013-08-31,2106.15,14.21,3.57375,2963500.0,4.456,82.1,233.456,7.2,409691.0,12969.6,20.17,237.451,268.837,917.0,5.2,58450.503,2551.3,99.4897,159.382,11406.6,0.08,2.74,78.3,197.3,964.0,224721.0,1677357.0
2013-09-30,2106.15,14.692000000000002,3.5324,2880125.0,4.49,77.5,233.544,7.2,410044.0,13027.5,20.23,237.519,269.315,850.0,5.3,58450.503,2585.5,100.021,159.66299999999998,11445.9,0.08,2.81,78.3,198.27,1004.0,237493.0,1687435.0
2013-10-31,2106.15,15.407826086956522,3.34375,2930437.5,4.192,73.2,233.669,7.2,411399.0,12974.6,20.25,237.75,269.822,925.0,4.7,59474.462,2631.2,99.9037,159.55,11498.0,0.09,2.62,72.5,198.87,1044.0,231736.0,1697181.0
2013-11-30,2106.15,12.924000000000001,3.24275,2885450.0,4.255,75.1,234.1,6.9,412561.0,12998.9,20.31,237.947,270.387,1100.0,4.5,59474.462,2638.8,100.1582,159.361,11562.5,0.08,2.72,72.8,198.9,1029.0,243831.0,1707578.0
2013-12-31,2106.15,14.192380952380953,3.2763999999999998,2852187.5,4.4575,82.5,234.719,6.7,414812.0,13019.1,20.34,238.182,271.22,1002.0,4.5,59474.462,2674.2,100.374,159.279,11593.2,0.09,2.9,72.7,200.12,1005.0,238481.0,1717040.0
2014-01-31,2106.15,14.24095238095238,3.3125,2866562.5,4.432,81.2,235.288,6.6,411561.0,13079.5,20.39,238.492,271.918,888.0,5.2,59935.794,2714.1,99.9899,159.366,11578.8,0.07,2.86,76.5,201.01,976.0,224538.0,1721820.0
2014-02-28,2106.15,15.47,3.35625,2855062.5,4.3025,81.6,235.547,6.7,416736.0,13148.0,20.51,239.408,272.461,944.0,5.3,59935.794,2730.2,100.7471,159.86700000000002,11636.9,0.07,2.71,75.0,201.77,1039.0,231380.0,1731331.0
2014-03-31,2106.15,14.836666666666666,3.5332,2804150.0,4.3425,80.0,236.028,6.7,421230.0,13219.9,20.5,240.447,273.341,970.0,5.2,59935.794,2749.3,101.7435,161.181,11722.3,0.08,2.72,77.7,202.32,1067.0,235485.0,1739321.0
2014-04-30,2106.15,14.19809523809524,3.66075,2734500.0,4.3375,84.1,236.468,6.2,425546.0,13270.2,20.52,241.241,274.255,1043.0,5.4,60392.589,2774.2,101.8273,162.957,11762.3,0.09,2.71,82.7,202.96,1090.0,237317.0,1745942.0
2014-05-31,2106.15,12.475238095238096,3.67275,2690550.0,4.192,81.9,236.918,6.3,426253.0,13312.9,20.53,242.408,275.013,1007.0,5.6,60392.589,2785.3,102.2392,164.669,11807.3,0.09,2.56,81.5,203.37,1018.0,234459.0,1754624.0
2014-06-30,2106.15,11.541428571428572,3.6915999999999998,2612125.0,4.1625,82.5,237.231,6.1,427305.0,13360.4,20.6,242.646,275.819,911.0,5.6,60392.589,2817.2,102.5774,166.19799999999998,11861.7,0.1,2.6,79.8,204.4,1010.0,237501.0,1757656.0
2014-07-31,2106.15,12.296363636363635,3.61125,2553125.0,4.13,81.8,237.498,6.2,428079.0,13386.8,20.61,243.235,276.663,1085.0,5.5,60865.978,2837.3,102.7954,167.123,11904.4,0.09,2.54,79.0,205.2,1076.0,300114.0,1763491.0
2014-08-31,2106.15,13.491904761904761,3.4865,2516950.0,4.115,82.5,237.46,6.1,431379.0,13445.9,20.66,243.792,277.319,984.0,5.3,60865.978,2787.0,102.6322,167.438,11983.7,0.09,2.42,75.5,205.99,1047.0,236400.0,1769669.0
2014-09-30,2106.15,13.466666666666667,3.4061999999999997,2466562.5,4.1625,84.6,237.477,5.9,430189.0,13486.3,20.66,244.48,278.149,1023.0,5.5,60865.978,2861.2,102.9417,167.229,11991.4,0.09,2.53,80.2,206.25,1077.0,236112.0,1771944.0
2014-10-31,2106.15,18.058695652173913,3.1705,2431937.5,4.036,86.9,237.43,5.7,431903.0,13550.7,20.7,244.866,278.797,1074.0,5.4,61633.553,2880.4,102.9611,166.898,12064.7,0.09,2.3,82.5,207.34,1094.0,233072.0,1775551.0
2014-11-30,2106.15,13.413157894736841,2.9122500000000002,2404800.0,3.9975,88.8,236.983,5.8,433113.0,13624.4,20.77,245.394,279.758,1001.0,5.6,61633.553,2888.2,103.5978,166.646,12083.9,0.09,2.33,81.0,208.4,1059.0,228727.0,1780924.0
2014-12-31,2106.15,16.292272727272728,2.5425999999999997,2396250.0,3.864,93.6,236.252,5.6,430110.0,13719.1,20.71,246.237,280.383,1073.0,6.0,61633.553,2955.8,103.6151,166.447,12096.1,0.12,2.21,81.3,209.65,1072.0,225104.0,1779016.0
2015-01-31,2106.15,19.1195,2.11575,2371000.0,3.67,98.1,234.747,5.7,428208.0,13797.7,20.8,246.197,281.223,1085.0,6.3,61854.052,2955.6,102.7923,166.234,12066.7,0.11,1.88,82.8,210.02,1049.0,225739.0,1777773.0
2015-02-28,2106.15,15.90421052631579,2.21625,2329312.5,3.71,95.4,235.342,5.5,427119.0,13848.0,20.84,246.495,282.171,886.0,6.4,61854.052,3025.2,102.1366,166.614,12116.6,0.11,1.98,81.5,211.5,1127.0,217321.0,1783783.0
2015-03-31,2106.15,14.812727272727273,2.4636,2343062.5,3.77,93.0,235.976,5.4,433647.0,13811.3,20.91,246.072,283.056,960.0,5.9,61854.052,3001.2,101.7869,168.074,12176.1,0.11,2.04,81.7,212.13,1072.0,230136.0,1787168.0
2015-04-30,2106.15,13.494761904761905,2.469,2291937.5,3.6719999999999997,95.9,236.222,5.4,434470.0,13842.0,20.92,246.002,283.786,1190.0,5.9,62380.648,3002.7,101.2255,169.959,12209.1,0.12,1.94,82.3,213.0,1166.0,225656.0,1793017.0
2015-05-31,2106.15,13.3385,2.7182500000000003,2261800.0,3.84,90.7,237.001,5.6,437865.0,13865.6,20.98,246.239,284.559,1079.0,5.8,62380.648,2978.3,100.7675,171.84,12275.4,0.12,2.2,84.3,214.18,1272.0,218316.0,1797978.0
2015-06-30,2106.15,14.339545454545457,2.8015999999999996,2266125.0,3.9825,96.1,237.657,5.3,437951.0,13874.1,21.0,246.937,285.477,1205.0,5.7,62380.648,3014.8,100.4588,173.438,12307.9,0.13,2.36,84.7,215.06,1379.0,228948.0,1808412.0
2015-07-31,2106.15,14.352727272727272,2.7935,2258187.5,4.046,93.1,238.034,5.2,441942.0,13905.7,21.03,247.157,286.435,1146.0,5.6,62719.977,3035.1,101.0893,174.481,12364.9,0.13,2.32,81.3,215.99,1140.0,228347.0,1809379.0
2015-08-31,2039.8661904761907,19.42809523809524,2.6362,2253250.0,3.9050000000000002,91.9,238.033,5.1,441849.0,13935.8,21.11,247.742,287.32,1130.0,5.6,62719.977,3014.3,100.9165,174.92,12396.2,0.14,2.17,80.8,216.51,1165.0,222335.0,1812159.0
2015-09-30,1944.4023809523808,24.377142857142857,2.36525,2248687.5,3.89,87.2,237.498,5.0,439867.0,13972.2,21.09,248.492,288.385,1224.0,5.8,62719.977,3038.0,100.633,175.025,12386.4,0.14,2.17,83.8,217.54,1144.0,217744.0,1815441.0
2015-10-31,2024.8127272727272,16.789545454545454,2.29,2217500.0,3.7960000000000003,90.0,237.733,5.0,438693.0,13996.9,21.19,248.755,289.236,1058.0,5.8,63305.747,3017.9,100.1563,175.02900000000002,12394.9,0.12,2.07,83.2,218.75,1160.0,226517.0,1818071.0
2015-11-30,2080.6165,16.21,2.158,2203562.5,3.9425,91.3,238.017,5.1,440303.0,13993.4,21.21,248.525,289.953,1172.0,5.6,63305.747,3074.6,99.4366,175.11900000000003,12423.2,0.12,2.26,80.8,219.8,1244.0,224319.0,1814988.0
2015-12-31,2054.0795454545455,18.025454545454547,2.0374999999999996,2213812.5,3.964,92.6,237.761,5.0,442149.0,14060.2,21.23,248.206,290.723,1146.0,5.8,63305.747,3106.3,98.9471,175.092,12452.0,0.24,2.24,83.2,220.8,1211.0,217570.0,1811571.0
2016-01-31,1918.5978947368421,23.717894736842105,1.9485000000000001,2203300.0,3.8725,92.0,237.652,4.8,439466.0,14121.1,21.31,248.353,291.7,1092.0,6.1,64000.344,3107.2,99.4391,175.016,12478.0,0.34,2.09,81.5,221.85,1171.0,228982.0,1810707.0
2016-02-29,1904.4185000000002,22.517,1.7635999999999998,2206562.5,3.66,91.7,237.336,4.9,443117.0,14135.3,21.33,248.606,292.617,1225.0,5.6,64000.344,3142.5,98.9232,175.263,12554.5,0.38,1.78,82.7,221.95,1172.0,216792.0,1806025.0
2016-03-31,2021.9540909090908,15.84909090909091,1.96875,2180875.0,3.694,91.0,238.08,5.0,441856.0,14135.4,21.39,248.029,293.471,1111.0,5.9,64000.344,3157.8,98.1635,176.58599999999998,12537.0,0.36,1.89,80.2,223.58,1118.0,218388.0,1812317.0
2016-04-30,2075.535238095238,14.300476190476191,2.11275,2147800.0,3.605,89.0,238.992,5.1,444254.0,14106.2,21.46,248.235,294.397,1163.0,5.5,64556.062,3200.1,98.4775,178.481,12611.5,0.37,1.81,83.7,224.71,1160.0,229837.0,1817906.0
2016-05-31,2065.5509523809524,14.852857142857141,2.2682,2170750.0,3.6,94.7,239.557,4.8,445490.0,14095.5,21.47,247.856,295.371,1148.0,5.3,64556.062,3236.8,98.2549,180.329,12652.7,0.37,1.81,85.3,225.74,1205.0,223117.0,1823582.0
2016-06-30,2083.8913636363636,17.774545454545457,2.3655,2159687.5,3.568,93.5,240.222,4.9,450237.0,14104.9,21.52,247.683,296.306,1203.0,4.9,64556.062,3242.5,98.7315,181.90099999999998,12731.2,0.38,1.64,83.2,226.94,1208.0,206910.0,1823476.0
2016-07-31,2148.902,13.1585,2.239,2137500.0,3.44,90.0,240.101,4.8,449789.0,14160.1,21.58,247.658,297.192,1239.0,5.1,65159.661,3242.1,98.8452,183.00400000000002,12756.7,0.39,1.5,86.5,228.1,1198.0,216155.0,1825078.0
2016-08-31,2177.4821739130434,12.399565217391304,2.1776,2144375.0,3.435,89.8,240.545,4.9,449946.0,14176.7,21.6,247.746,298.029,1171.0,5.1,65159.661,3310.8,98.7427,183.642,12788.1,0.4,1.56,85.0,229.17,1201.0,217584.0,1825382.0
2016-09-30,2157.6909523809527,14.21952380952381,2.2185,2128125.0,3.46,91.2,241.176,5.0,453056.0,14209.1,21.62,247.772,299.035,1068.0,5.1,65159.661,3319.6,98.6552,183.929,12846.6,0.4,1.63,82.8,230.52,1303.0,217396.0,1827914.0
2016-10-31,2143.0209523809526,14.585238095238097,2.2494,2079950.0,3.47,87.2,241.741,4.9,453847.0,14235.4,21.71,247.812,300.215,1313.0,5.3,65595.607,3332.0,98.7237,183.998,12867.0,0.4,1.76,81.7,231.71,1254.0,233461.0,1829791.0
2016-11-30,2164.985714285714,15.236190476190476,2.1814999999999998,2053687.5,3.77,93.8,242.026,4.7,453892.0,14273.6,21.72,247.741,301.223,1140.0,5.4,65595.607,3347.1,98.3443,184.208,12893.0,0.41,2.14,81.2,232.68,1230.0,216353.0,1841461.0
2016-12-31,2246.6290476190475,12.472380952380954,2.25425,2045550.0,4.198,98.2,242.637,4.7,459305.0,14313.7,21.76,247.725,302.271,1252.0,5.0,65595.607,3345.4,99.0406,184.38,13005.9,0.54,2.49,80.7,234.08,1248.0,219525.0,1845368.0
2017-01-31,2275.116,11.6085,2.3489999999999998,2071562.5,4.15,98.5,243.618,4.7,464412.0,14373.7,21.82,248.065,303.156,1190.0,5.3,66038.966,3399.1,98.8158,184.63400000000001,13063.7,0.65,2.43,82.7,234.34,1303.0,219277.0,1849352.0
2017-02-28,2329.9105263157894,11.530526315789475,2.3040000000000003,2067750.0,4.1675,96.3,244.006,4.6,464284.0,14416.8,21.84,248.735,304.06,1271.0,5.6,66038.966,3409.9,98.4356,185.002,13088.4,0.66,2.42,88.3,235.59,1234.0,221514.0,1852213.0
2017-03-31,2366.822173913043,11.89782608695652,2.325,2030875.0,4.196,96.9,243.892,4.4,463674.0,14476.3,21.88,249.244,304.888,1190.0,5.6,66038.966,3455.8,99.0492,186.512,13139.9,0.79,2.48,84.5,236.98,1272.0,222944.0,1855778.0
2017-04-30,2359.3094736842104,13.136315789473684,2.41725,1983000.0,4.045,97.0,244.193,4.4,465276.0,14509.3,21.94,249.589,305.692,1146.0,5.7,66691.433,3454.5,100.0416,188.52599999999998,13169.2,0.9,2.3,86.7,238.8,1251.0,224150.0,1854063.0
2017-05-31,2395.345909090909,10.862272727272726,2.3914,1908625.0,4.01,97.1,244.004,4.4,462754.0,14610.7,21.97,249.972,306.72,1157.0,6.3,66691.433,3517.8,100.128,190.521,13171.9,0.91,2.3,86.2,239.92,1208.0,222292.0,1858714.0
2017-06-30,2433.9854545454546,10.513636363636364,2.3465,1907000.0,3.904,95.0,244.163,4.3,465130.0,14618.7,22.02,249.77,307.681,1249.0,6.0,66691.433,3525.5,100.337,192.245,13225.2,1.04,2.19,88.3,240.86,1353.0,236980.0,1866682.0
2017-07-31,2454.1025,10.2645,2.2998,1925600.0,3.9675000000000002,93.4,244.243,4.3,465089.0,14660.2,22.07,250.185,308.49,1206.0,6.0,67540.161,3546.3,100.0865,193.489,13263.3,1.15,2.32,86.8,242.09,1256.0,217739.0,1873901.0
2017-08-31,2456.223043478261,11.975652173913044,2.38025,1926312.5,3.88,96.8,245.183,4.4,466020.0,14678.3,22.1,250.469,309.608,1159.0,6.1,67540.161,3581.8,99.6323,194.322,13294.6,1.16,2.21,88.0,243.66,1319.0,221312.0,1884335.0
2017-09-30,2492.841,10.437999999999999,2.64525,1907350.0,3.8049999999999997,95.1,246.435,4.3,475724.0,14706.0,22.18,250.826,310.346,1181.0,5.9,67540.161,3563.6,99.7482,194.792,13417.3,1.15,2.2,88.3,244.79,1273.0,228782.0,1887547.0
2017-10-31,2556.997272727273,10.125454545454545,2.505,1885125.0,3.895,100.7,246.626,4.2,476107.0,14748.6,22.18,251.048,311.33,1257.0,6.0,68594.03,3603.9,100.9893,195.058,13447.5,1.15,2.36,85.2,245.79,1356.0,228333.0,1888805.0
2017-11-30,2593.6057142857144,10.54047619047619,2.5635,1940125.0,3.9219999999999997,98.5,247.284,4.2,480949.0,14771.1,22.23,251.195,312.295,1273.0,5.6,68594.03,3622.0,101.2493,195.424,13540.6,1.16,2.35,87.8,247.44,1299.0,230235.0,1897677.0
2017-12-31,2664.3405,10.2645,2.47675,1977000.0,3.95,95.9,247.805,4.1,483586.0,14797.9,22.3,251.716,313.462,1177.0,5.0,68594.03,3612.6,101.4871,195.821,13666.1,1.3,2.4,85.8,248.56,1311.0,241711.0,1904773.0
2018-01-31,2789.8038095238094,11.062380952380952,2.5545999999999998,1970500.0,4.032500000000001,95.7,248.859,4.0,481414.0,14886.6,22.36,252.377,314.531,1299.0,5.7,69327.699,3659.1,101.4852,196.092,13703.3,1.41,2.58,89.5,250.45,1317.0,228219.0,1914289.0
2018-02-28,2705.1552631578948,22.464736842105264,2.58725,1980937.5,4.33,99.7,249.529,4.1,484031.0,14921.1,22.41,252.264,315.162,1277.0,5.8,69327.699,3621.3,101.7319,196.88299999999998,13738.7,1.42,2.86,85.8,252.11,1321.0,236950.0,1924252.0
2018-03-31,2702.7738095238096,19.023809523809526,2.59125,1954300.0,4.444,101.4,249.577,4.0,484110.0,14974.8,22.49,252.365,315.885,1318.0,5.9,69327.699,3667.4,102.1943,198.549,13793.2,1.51,2.84,88.3,252.98,1385.0,244343.0,1924441.0
2018-04-30,2653.625238095238,18.267619047619046,2.757,1912875.0,4.4675,98.8,250.227,4.0,484154.0,15007.2,22.55,252.867,316.96,1276.0,6.0,70015.834,3664.0,103.3551,200.58700000000002,13838.4,1.69,2.87,91.7,253.63,1378.0,243872.0,1930031.0
2018-05-31,2701.4936363636366,14.124545454545455,2.9007500000000004,1791375.0,4.586,98.0,250.792,3.8,491960.0,15057.8,22.6,252.864,317.766,1357.0,6.0,70015.834,3655.7,102.381,202.423,13905.0,1.7,2.98,92.3,254.84,1338.0,243168.0,1933317.0
2018-06-30,2754.3528571428574,13.678095238095239,2.89075,1702050.0,4.57,98.2,251.018,4.0,490228.0,15119.3,22.66,253.167,318.607,1192.0,6.3,70015.834,3655.9,103.2256,204.015,13930.4,1.82,2.91,90.7,255.95,1345.0,243778.0,1936068.0
2018-07-31,2793.6433333333334,13.147619047619049,2.8486000000000002,1663437.5,4.5275,97.9,251.214,3.8,493142.0,15184.7,22.7,253.598,319.642,1208.0,6.5,70761.575,3679.5,103.3561,204.925,13974.8,1.91,2.89,86.5,256.95,1334.0,235786.0,1948424.0
2018-08-31,2857.8204347826086,12.54695652173913,2.83575,1628812.5,4.55,96.2,251.663,3.8,493445.0,15238.6,22.78,253.949,320.86,1288.0,6.6,70761.575,3686.3,104.0585,205.303,14014.0,1.91,2.89,88.0,258.28,1273.0,245657.0,1959101.0
2018-09-30,2901.5005263157896,12.910526315789474,2.8355,1568400.0,4.6274999999999995,100.1,252.182,3.7,491507.0,15237.5,22.86,254.302,321.563,1250.0,6.8,70761.575,3694.8,104.1038,205.35,14017.8,1.95,3.0,87.7,258.67,1314.0,247957.0,1970647.0
2018-10-31,2785.4647826086957,19.35217391304348,2.8600000000000003,1571125.0,4.83,98.6,252.772,3.8,496416.0,15274.1,22.89,254.17,322.447,1221.0,6.7,71680.162,3722.9,103.9297,205.345,14083.1,2.19,3.15,85.7,259.63,1272.0,238903.0,1981377.0
2018-11-30,2723.229523809524,19.38904761904762,2.64725,1649000.0,4.866,97.5,252.594,3.8,498854.0,15315.2,23.0,254.887,323.633,1181.0,6.5,71680.162,3697.3,104.0126,205.083,14162.9,2.2,3.12,86.2,261.14,1340.0,235930.0,1981063.0
2018-12-31,2567.3073684210526,24.953157894736844,2.3655999999999997,1728100.0,4.6375,98.3,252.767,3.9,489113.0,15506.5,23.11,255.877,324.408,1095.0,8.4,71680.162,3761.0,104.0451,204.672,14051.6,2.27,2.83,83.5,261.91,1317.0,243401.0,1995882.0
2019-01-31,2607.3900000000003,19.57238095238095,2.24775,1777125.0,4.464,91.2,252.561,4.0,490440.0,15536.3,23.13,256.533,325.314,1226.0,8.4,72265.431,3754.1,103.3598,204.173,14084.6,2.4,2.71,84.7,263.43,1254.0,236180.0,2010864.0
2019-02-28,2754.8642105263157,15.234736842105262,2.30925,1793062.5,4.37,93.8,253.319,3.8,491751.0,15560.4,23.19,257.253,326.22,1121.0,8.5,72265.431,3762.3,102.8251,204.398,14117.4,2.4,2.68,84.3,264.1,1286.0,231710.0,2017586.0
2019-03-31,2803.9838095238097,14.485238095238095,2.516,1793800.0,4.265,98.4,254.277,3.8,499292.0,15566.5,23.29,257.681,327.539,1191.0,7.9,72265.431,3738.4,102.8361,205.745,14248.6,2.41,2.57,89.8,264.96,1295.0,240465.0,2019035.0
2019-04-30,2903.8,12.949047619047619,2.7984,1702437.5,4.1425,97.2,255.233,3.7,499343.0,15534.2,23.33,257.325,328.816,1272.0,7.6,72900.007,3789.9,102.2748,207.66,14290.0,2.42,2.53,88.3,266.22,1322.0,232744.0,2028974.0
2019-05-31,2854.7059090909092,16.721818181818183,2.85925,1640937.5,4.072,100.0,255.296,3.6,504741.0,15532.4,23.4,257.818,329.617,1293.0,7.3,72900.007,3789.2,102.4176,209.324,14353.3,2.39,2.4,92.0,267.41,1347.0,224565.0,2033075.0
2019-06-30,2890.166,15.836000000000002,2.71575,1626450.0,3.8024999999999998,98.2,255.213,3.6,505251.0,15562.1,23.48,257.952,330.919,1243.0,7.1,72900.007,3832.1,102.5425,210.558,14408.7,2.38,2.07,91.5,268.36,1299.0,224890.0,2034943.0
2019-07-31,2996.1136363636365,13.305909090909092,2.7399999999999998,1635562.5,3.765,98.4,255.802,3.7,509091.0,15581.4,23.53,258.059,331.935,1240.0,6.8,74042.498,3862.5,102.0057,211.30700000000002,14496.0,2.4,2.06,93.7,269.44,1379.0,228956.0,2041461.0
2019-08-31,2897.498181818182,18.97909090909091,2.621,1628200.0,3.6159999999999997,89.8,256.036,3.6,512561.0,15664.3,23.61,258.288,332.781,1375.0,6.9,74042.498,3847.1,102.7814,211.666,14558.2,2.13,1.63,93.8,270.46,1482.0,230355.0,2041891.0
2019-09-30,2982.156,15.559000000000001,2.5922,1588562.5,3.605,93.2,256.43,3.5,509282.0,15697.5,23.68,258.865,333.92,1311.0,7.0,74042.498,3894.0,102.4601,211.84599999999998,14590.6,2.04,1.7,91.5,272.07,1469.0,226791.0,2040635.0
2019-10-31,2977.675217391304,15.466521739130435,2.627,1601187.5,3.6879999999999997,95.5,257.155,3.6,510648.0,15718.1,23.75,259.434,334.558,1325.0,7.1,74898.722,3926.3,101.5878,211.942,14617.4,1.83,1.71,88.8,273.51,1523.0,226218.0,2041358.0
2019-11-30,3104.9044999999996,12.5235,2.59775,1662000.0,3.6950000000000003,96.8,257.879,3.6,514215.0,15766.9,23.83,260.048,335.484,1353.0,6.9,74898.722,3942.6,102.1494,212.083,14711.0,1.55,1.81,91.5,275.19,1535.0,218719.0,2041379.0
2019-12-31,3176.749523809524,13.756666666666666,2.555,1734500.0,3.72,99.3,258.63,3.6,515866.0,15683.8,23.84,260.483,336.418,1548.0,6.2,74898.722,4003.6,101.9421,212.21599999999998,14774.8,1.55,1.86,91.7,277.42,1443.0,222265.0,2040343.0
2020-01-31,3278.202857142857,13.94095238095238,2.5477499999999997,1794312.5,3.624,99.8,259.127,3.6,515119.0,15857.3,23.91,261.293,337.591,1581.0,7.0,77243.225,3989.3,101.3372,212.37400000000002,14844.3,1.55,1.76,93.0,279.25,1495.0,233656.0,2033887.0
2020-02-29,3277.314210526316,19.628947368421052,2.442,1775250.0,3.4650000000000003,101.0,259.25,3.5,515330.0,15916.8,24.03,261.962,338.489,1549.0,7.5,77243.225,4001.1,101.6718,213.192,14833.8,1.58,1.5,92.5,281.08,1455.0,240355.0,2022505.0
2020-03-31,2652.3936363636367,57.73681818181819,2.2342,2353937.5,3.45,89.1,258.076,4.4,468324.0,15704.9,24.13,262.622,339.502,1266.0,12.4,77243.225,4266.0,97.606,215.166,13810.5,0.65,0.87,80.8,281.56,1346.0,204710.0,2015653.0
2020-04-30,2761.975238095238,41.453809523809525,1.8405,11738937.5,3.306,71.8,256.032,14.8,401028.0,18030.2,25.14,266.37,340.225,936.0,32.0,80603.797,4804.3,84.6812,217.21,12234.4,0.05,0.66,63.0,281.99,1076.0,165166.0,1987105.0
2020-05-31,2919.6150000000002,30.897000000000002,1.8695,20418000.0,3.2325,72.3,255.802,13.2,478449.0,17114.4,24.98,268.086,341.007,1039.0,22.8,80603.797,16231.5,86.0108,218.457,13251.7,0.05,0.67,67.5,280.96,1250.0,184417.0,1940682.0
2020-06-30,3104.6609090909087,31.119545454545456,2.0822,18459562.5,3.1625,78.1,257.042,11.0,518038.0,17047.5,24.78,269.553,341.524,1266.0,18.4,80603.797,16554.5,91.6745,219.782,14040.8,0.08,0.73,76.5,283.93,1334.0,202777.0,1917180.0
2020-07-31,3207.6190909090906,26.840454545454545,2.18325,16879000.0,3.016,72.5,258.352,10.2,526304.0,17195.8,24.69,268.532,342.312,1526.0,17.8,81432.377,16761.7,95.0037,221.53799999999998,14303.8,0.09,0.62,74.2,287.99,1546.0,223750.0,1921722.0
2020-08-31,3391.71,22.88952380952381,2.1824,14852850.0,2.935,74.1,259.316,8.4,530735.0,16524.8,24.8,268.957,342.65,1396.0,13.9,81432.377,16879.5,95.9294,224.018,14454.9,0.1,0.65,77.5,292.99,1533.0,226872.0,1932615.0
2020-09-30,3365.516666666667,27.64761904761905,2.18275,12698375.0,2.89,80.4,259.997,7.8,541302.0,16616.5,24.82,269.043,342.986,1473.0,13.1,81432.377,17159.2,95.8914,226.77,14675.4,0.09,0.68,81.0,297.78,1636.0,230481.0,1945659.0
2020-10-31,3418.701363636363,29.438636363636363,2.158,9101850.0,2.834,81.8,260.319,6.9,539114.0,16552.9,24.84,269.653,343.502,1543.0,12.6,82961.033,17360.5,96.5256,229.782,14726.0,0.09,0.79,81.7,302.38,1613.0,236338.0,1965316.0
2020-11-30,3548.9925000000003,24.9955,2.1082,6426500.0,2.765,76.9,260.911,6.7,533941.0,16350.6,24.95,269.636,343.731,1543.0,11.8,82961.033,17618.5,96.9529,232.287,14704.9,0.09,0.87,80.0,306.04,1703.0,237115.0,1979283.0
2020-12-31,3695.3100000000004,22.37409090909091,2.19525,5570562.5,2.684,80.7,262.045,6.7,538548.0,16391.2,25.17,270.781,344.125,1614.0,11.8,82961.033,17827.9,98.2039,234.335,14827.3,0.09,0.93,74.0,310.09,1752.0,241814.0,1992588.0
2021-01-31,3793.748421052632,24.91,2.33425,5104300.0,2.735,79.0,262.639,6.4,559230.0,18146.5,25.17,271.223,344.469,1630.0,19.2,84104.453,18088.5,98.8135,236.40599999999998,15081.5,0.09,1.08,77.7,313.85,1855.0,249937.0,2010292.0
2021-02-28,3883.432105263158,23.140526315789476,2.501,4584312.5,2.81,76.8,263.573,6.2,544891.0,16633.9,25.26,271.498,345.073,1404.0,12.6,84104.453,18349.1,95.5072,239.185,14984.4,0.08,1.26,76.5,316.52,1711.0,251426.0,2026338.0
2021-03-31,3910.508260869565,21.84304347826087,2.8104,4141937.5,3.0825,84.9,264.847,6.1,603581.0,20445.8,25.35,271.756,345.669,1696.0,25.9,84104.453,18607.9,98.1929,244.18200000000002,15712.4,0.07,1.61,81.7,321.15,1756.0,253805.0,2030053.0
2021-04-30,4141.176190476191,17.416190476190476,2.85825,3831062.5,3.06,88.3,266.625,6.1,608961.0,17335.4,25.51,272.761,346.38,1495.0,12.0,86248.031,18968.3,98.3317,249.79,15915.0,0.07,1.64,79.0,325.97,1721.0,252613.0,2033473.0
2021-05-31,4167.8495,19.7605,2.9852,3701500.0,2.9625,82.9,268.404,5.8,605282.0,16836.3,25.68,273.89,347.23,1589.0,9.6,86248.031,19254.2,99.1867,255.415,15950.5,0.06,1.62,80.0,331.35,1703.0,253009.0,2050150.0
2021-06-30,4238.489545454546,16.956818181818182,3.06375,3380000.0,2.975,85.5,270.71,5.9,611950.0,16757.8,25.81,276.002,348.091,1650.0,8.4,86248.031,19320.3,99.6483,261.137,16183.6,0.08,1.52,79.7,337.27,1654.0,258284.0,2067735.0
2021-07-31,4363.7128571428575,17.603333333333335,3.136,3135050.0,2.868,81.2,271.965,5.4,601817.0,16867.8,25.96,277.759,348.889,1597.0,9.2,87298.183,19489.0,100.0668,265.471,16223.5,0.1,1.32,75.8,342.47,1658.0,259416.0,2094809.0
2021-08-31,4454.206363636364,17.472727272727273,3.1578,2824562.5,2.8425000000000002,70.3,272.752,5.1,605533.0,16832.4,26.11,278.985,349.993,1594.0,8.4,87298.183,19687.0,100.0412,268.743,16390.6,0.09,1.28,75.7,346.52,1736.0,264287.0,2114579.0
2021-09-30,4445.543333333333,19.824761904761903,3.175,2730250.0,2.9,72.8,273.942,4.7,609671.0,16641.8,26.3,281.299,351.323,1577.0,7.2,87298.183,19867.5,98.9955,271.39099999999996,16477.5,0.08,1.37,74.5,350.08,1640.0,259192.0,2139149.0
2021-10-31,4460.7071428571435,17.871428571428574,3.2904999999999998,2525850.0,3.0675,71.7,276.528,4.5,618573.0,16648.1,26.46,283.972,352.757,1579.0,6.6,89208.133,20047.2,100.3542,273.596,16694.0,0.08,1.58,75.5,354.67,1707.0,263534.0,2172723.0
2021-11-30,4667.386666666666,18.50047619047619,3.3948,2048437.5,3.0675,67.4,278.824,4.2,624874.0,16598.3,26.56,286.057,354.21,1705.0,6.1,89208.133,20235.7,101.2684,275.962,16849.0,0.08,1.56,74.7,359.74,1765.0,268650.0,2209108.0
2021-12-31,4674.772727272727,21.354545454545455,3.3064999999999998,1783875.0,3.098,70.6,280.806,3.9,619938.0,16525.4,26.76,287.798,355.551,1722.0,6.0,89208.133,20399.4,101.1948,278.536,16905.5,0.08,1.47,74.2,364.95,1919.0,277487.0,2265965.0
2022-01-31,4573.8155,23.181,3.3146,1698650.0,3.4450000000000003,67.2,282.542,4.0,631509.0,16143.2,26.91,290.144,357.396,1702.0,3.6,90952.14,20520.3,101.2146,281.914,17017.8,0.08,1.76,71.8,370.43,1920.0,280925.0,2306732.0
2022-02-28,4435.98052631579,25.748421052631578,3.5172499999999998,1662062.5,3.7625,62.8,284.525,3.8,638101.0,16143.0,26.98,292.978,359.395,1735.0,3.6,90952.14,20641.0,101.8458,287.134,17136.1,0.08,1.93,75.3,375.64,1857.0,277036.0,2349427.0
2022-03-31,4391.265217391305,26.968695652173913,4.22175,1574625.0,4.172,59.4,287.467,3.7,651027.0,16065.5,27.12,295.713,361.0,1712.0,2.7,90952.14,20684.6,102.6732,294.931,17371.4,0.2,2.13,73.2,380.17,1868.0,277554.0,2405153.0
2022-04-30,4391.296,24.3735,4.1085,1466700.0,4.9825,65.2,288.582,3.7,660194.0,16063.7,27.28,298.363,363.086,1820.0,2.2,91849.266,20727.1,102.9024,301.553,17493.8,0.33,2.75,68.5,384.85,1859.0,279157.0,2435750.0
2022-05-31,4040.3599999999997,29.313636363636363,4.4436,1380375.0,5.2299999999999995,58.4,291.299,3.6,659847.0,16049.1,27.4,301.684,365.364,1531.0,2.3,91849.266,20669.0,102.9659,306.317,17569.9,0.77,2.9,68.2,388.32,1704.0,278740.0,2478363.0
2022-06-30,3898.9466666666667,28.23318181818182,4.929,1361625.0,5.522,50.0,295.072,3.6,666113.0,16015.9,27.53,304.845,368.231,1551.0,2.0,91849.266,20592.9,102.8224,308.113,17747.6,1.21,3.14,64.8,389.08,1737.0,284763.0,2514765.0
2022-07-31,3911.7295,24.995238095238093,4.5592500000000005,1383650.0,5.4125,51.5,294.94,3.5,659550.0,16219.1,27.66,308.083,370.953,1381.0,3.1,92868.279,20531.9,103.0505,306.95099999999996,17744.0,1.68,2.9,62.8,387.38,1703.0,284460.0,2532783.0
2022-08-31,4158.563043478261,22.169565217391302,3.975,1419375.0,5.2225,58.2,295.162,3.6,663566.0,16314.4,27.74,310.739,373.649,1531.0,3.1,92868.279,20435.3,103.1703,303.532,17897.5,2.33,2.9,62.0,385.83,1557.0,282368.0,2552630.0
2022-09-30,3850.520476190476,27.34181818181818,3.70025,1404250.0,6.112,58.6,296.421,3.5,661854.0,16372.3,27.85,312.835,376.648,1488.0,3.1,92868.279,20281.7,103.5326,300.369,17987.2,2.56,3.52,60.8,386.88,1600.0,282430.0,2558913.0
2022-10-31,3726.050952380953,30.005714285714287,3.8152,1402900.0,6.9,59.9,297.979,3.6,668671.0,16424.3,28.0,315.023,379.275,1435.0,3.2,94072.677,20092.4,103.4442,298.59,18096.2,3.08,3.98,56.7,387.36,1594.0,287071.0,2571649.0
2022-11-30,3917.488571428571,23.29909090909091,3.685,1437125.0,6.805,56.7,298.708,3.6,659458.0,16436.5,28.12,316.5,382.218,1424.0,3.4,94072.677,19922.8,103.1058,296.777,18094.0,3.78,3.89,57.3,387.82,1401.0,279095.0,2580941.0
2022-12-31,3912.3809523809523,21.784285714285716,3.21,1536450.0,6.364,59.8,298.808,3.5,651763.0,16497.5,28.23,317.798,385.182,1308.0,3.7,94072.677,19671.5,101.8266,294.268,18134.6,4.1,3.62,61.0,388.45,1410.0,293358.0,2593136.0
2023-01-31,3960.6565,20.16904761904762,3.3391999999999995,1591562.5,6.2725,64.9,300.456,3.5,680253.0,16808.5,28.31,319.421,387.957,1361.0,4.2,95356.399,19527.8,102.7476,292.758,18475.2,4.33,3.53,61.6,389.59,1410.0,288874.0,2591740.0
2023-02-28,4079.684736842105,20.1205,3.38875,1630312.5,6.2575,66.9,301.476,3.6,672152.0,16879.1,28.43,320.651,390.833,1399.0,4.6,95356.399,19385.8,102.8003,293.55,18532.1,4.57,3.75,58.0,391.95,1618.0,280693.0,2588252.0
2023-03-31,3968.5591304347827,21.644347826086957,3.4219999999999997,1664312.5,6.544,62.0,301.643,3.5,665071.0,16968.0,28.59,320.797,392.795,1377.0,5.3,95356.399,18926.0,102.8143,297.474,18511.3,4.65,3.66,61.3,393.81,1480.0,289270.0,2585438.0
2023-04-30,4121.467368421053,17.817894736842106,3.6029999999999998,1707950.0,6.342499999999999,63.7,302.858,3.4,670494.0,16983.3,28.69,321.209,395.062,1354.0,5.0,95835.235,18615.4,103.2241,301.595,18638.7,4.83,3.46,66.8,396.03,1474.0,290168.0,2585390.0
2023-05-31,4146.173181818182,17.63608695652174,3.5548,1717437.5,6.425,59.0,303.316,3.6,673902.0,17041.9,28.78,321.933,397.024,1584.0,5.2,95835.235,18549.0,102.9809,305.466,18676.4,5.06,3.57,65.6,399.06,1575.0,289707.0,2580863.0
2023-06-30,4345.372857142857,14.003181818181817,3.571,1749000.0,6.714,64.2,304.099,3.6,677117.0,17050.3,28.89,322.406,398.968,1421.0,5.0,95835.235,18435.0,102.3809,308.426,18742.1,5.08,3.75,66.0,401.33,1464.0,303971.0,2577918.0
2023-07-31,4508.0755,13.932380952380951,3.597,1777350.0,6.84,71.5,304.615,3.5,678424.0,17061.6,29.02,323.046,400.798,1460.0,4.6,96750.366,18342.2,103.0722,310.348,18850.5,5.12,3.9,66.8,404.68,1522.0,293278.0,2573912.0
2023-08-31,4457.358695652174,15.85391304347826,3.83975,1796687.5,7.072,69.4,306.138,3.7,684755.0,17085.8,29.06,323.957,402.673,1317.0,4.7,96750.366,18226.2,103.0951,311.71299999999997,18911.6,5.33,4.17,66.9,407.77,1561.0,289128.0,2580885.0
2023-09-30,4409.094999999999,15.173333333333332,3.8360000000000003,1804300.0,7.2,67.8,307.374,3.8,689403.0,17101.1,29.16,324.332,404.578,1371.0,4.4,96750.366,18124.9,103.3081,312.564,19024.9,5.33,4.38,64.5,410.35,1537.0,298229.0,2587291.0
2023-10-31,4269.4009090909085,18.887727272727272,3.6128,1805125.0,7.62,63.8,307.653,3.9,686148.0,17152.8,29.27,325.424,406.513,1368.0,4.5,98170.791,18022.9,102.5781,312.91900000000004,19069.5,5.33,4.8,64.9,411.99,1528.0,285976.0,2583446.0
2023-11-30,4460.0633333333335,14.01909090909091,3.318,1807250.0,7.442,61.3,308.087,3.7,685328.0,17229.4,29.38,325.808,408.47,1514.0,4.6,98170.791,17957.4,102.8868,312.159,19151.0,5.33,4.5,64.3,413.74,1503.0,298570.0,2577995.0
2023-12-31,4685.0515,12.7185,3.134,1804100.0,6.815,69.7,308.735,3.8,686277.0,17267.4,29.48,326.442,410.051,1521.0,4.4,98170.791,17915.1,102.6309,310.975,19289.9,5.33,4.02,67.2,415.25,1519.0,304324.0,2591108.0
2024-01-31,4804.4914285714285,13.388636363636364,3.0753999999999997,1767562.5,6.6425,79.0,309.794,3.7,680456.0,17426.2,29.61,327.575,411.551,1381.0,5.5,99148.098,17943.3,101.483,310.846,19308.5,5.33,4.06,70.7,415.32,1545.0,280614.0,2585336.0
2024-02-29,5011.961499999999,13.980476190476189,3.2115,1795062.5,6.776000000000001,76.9,311.022,3.9,685280.0,17442.4,29.67,327.803,413.33,1552.0,5.4,99148.098,17984.0,102.7267,312.774,19412.7,5.33,4.21,72.8,420.17,1577.0,282623.0,2594839.0
2024-03-31,5170.5725,13.7875,3.4255,1793550.0,6.82,79.4,312.107,3.9,687641.0,17486.9,29.8,328.004,415.084,1312.0,5.2,99148.098,17980.9,102.5186,316.957,19553.2,5.33,4.21,71.9,420.37,1476.0,287423.0,2590962.0
2024-04-30,5112.492727272727,16.137727272727275,3.6114000000000006,1788625.0,6.9925,77.2,313.016,3.9,687602.0,17464.9,29.85,328.413,416.554,1385.0,5.1,99767.303,17973.6,102.3568,320.875,19603.3,5.33,4.54,71.9,422.17,1459.0,286972.0,2599646.0
2024-05-31,5235.225454545455,13.058695652173913,3.6029999999999998,1788812.5,7.06,69.1,313.14,4.0,692635.0,17511.1,29.97,328.864,418.116,1316.0,4.9,99767.303,18002.4,102.9797,323.802,19697.3,5.33,4.48,69.4,422.58,1407.0,286829.0,2610354.0
2024-06-30,5415.140526315789,12.667,3.4545,1828150.0,6.9175,68.2,313.131,4.1,690682.0,17515.6,30.07,329.651,419.249,1327.0,4.8,99767.303,18038.8,103.2534,325.353,19747.5,5.33,4.31,72.6,423.19,1461.0,281128.0,2617668.0
2024-07-31,5538.004545454546,14.373913043478263,3.4838,1861687.5,6.8475,66.4,313.566,4.2,699098.0,17505.0,30.17,330.142,421.216,1265.0,4.3,101204.454,18036.9,102.5192,325.671,19866.3,5.33,4.25,71.5,424.43,1436.0,293234.0,2628117.0
2024-08-31,5478.214545454545,19.312272727272727,3.38925,1862600.0,6.5,67.9,314.131,4.2,697522.0,17494.6,30.27,330.644,422.687,1391.0,4.2,101204.454,18091.3,103.0196,325.117,19905.0,5.33,3.87,72.1,426.36,1476.0,289926.0,2634861.0
2024-09-30,5621.2605,17.663333333333334,3.2138,1837875.0,6.18,70.1,314.851,4.1,703079.0,17519.6,30.38,331.716,423.925,1357.0,3.8,101204.454,18157.0,102.5954,324.742,20044.1,5.13,3.72,73.9,429.43,1434.0,292469.0,2636447.0
2024-10-31,5792.319565217392,19.960869565217394,3.137,1860812.5,6.428,70.5,315.564,4.1,707613.0,17586.3,30.49,332.418,425.21,1352.0,4.1,102073.199,18214.8,102.2138,324.061,20123.2,4.83,4.1,74.6,431.13,1428.0,293266.0,2640024.0
2024-11-30,5929.916,16.015238095238097,3.05275,1879050.0,6.805,71.8,316.449,4.2,712145.0,17618.0,30.58,333.492,426.265,1295.0,3.9,102073.199,18327.7,101.9503,323.77099999999996,20235.1,4.64,4.36,75.0,433.22,1508.0,288340.0,2646273.0
2024-12-31,6010.908571428571,15.866190476190477,3.0176,1867125.0,6.715,74.0,317.603,4.1,717662.0,17638.6,30.67,334.456,427.535,1514.0,3.5,102073.199,18358.8,103.0447,323.356,20408.1,4.48,4.39,73.1,435.16,1480.0,290559.0,2639314.0
2025-01-31,5979.5154999999995,16.763636363636365,3.0755,1861687.5,6.958,71.7,319.086,4.0,711461.0,17647.9,30.8,335.671,429.017,1358.0,4.2,103037.159,18444.1,102.9343,323.647,20370.0,4.33,4.63,73.4,436.53,1460.0,291195.0,2648899.0
2025-02-28,6038.69,16.968,3.12075,1858312.5,6.842499999999999,64.7,319.775,4.1,711757.0,17702.9,30.91,336.223,430.224,1490.0,4.4,103037.159,18511.4,104.0003,325.094,20436.3,4.33,4.45,71.6,436.56,1454.0,293985.0,2653551.0
2025-03-31,5683.983333333333,21.841428571428573,3.0964,1866500.0,6.65,57.0,319.615,4.2,722572.0,17814.8,30.97,337.686,431.655,1355.0,4.4,103037.159,18542.3,103.7483,327.603,20578.5,4.33,4.28,68.1,436.69,1481.0,316215.0,2655706.0
2025-04-30,5369.495714285715,31.966190476190473,3.17125,1866500.0,6.725,52.2,320.321,4.2,721983.0,17929.9,31.05,337.424,433.13,1392.0,4.9,103037.159,18667.6,103.8216,329.608,20622.0,4.33,4.28,69.2,434.93,1422.0,295229.0,2656533.0
2025-05-31,5810.9195238095235,20.46227272727273,3.15,1891050.0,6.816,52.2,320.58,4.2,715417.0,17806.5,31.15,338.386,434.054,1256.0,4.5,103037.159,18712.6,103.5948,329.608,20592.7,4.33,4.42,73.5,434.93,1394.0,343567.0,2656533.0
